Partner,Province,District,Health Facility,DATIM_code,SISMA_code,Type,Period,attribute,value,indicator
ARIEL,Cabo Delgado,Ancuabe,Ancuabe CS I,TzPwGs1AcCL,1020206,ER_P2,2021-05-20,TX_CURR,1668,TX_CURR
ARIEL,Cabo Delgado,Ancuabe,Ancuabe CS I,TzPwGs1AcCL,1020206,ER_P2,2021-05-20,TX_CURR_TPT_Com,437,TPT Completed
ARIEL,Cabo Delgado,Ancuabe,Ancuabe CS I,TzPwGs1AcCL,1020206,ER_P2,2021-05-20,TX_CURR_TB_tto,26,Recent Active TB TX
ARIEL,Cabo Delgado,Ancuabe,Ancuabe CS I,TzPwGs1AcCL,1020206,ER_P2,2021-05-20,TX_CURR_TPT_Not_Comp_POS_Screen,8,Recent Pos TB Screen
ARIEL,Cabo Delgado,Ancuabe,Ancuabe CS I,TzPwGs1AcCL,1020206,ER_P2,2021-05-20,TX_CURR_W_TPT_last7Mo,302,Actively on TPT
ARIEL,Cabo Delgado,Ancuabe,Ancuabe CS I,TzPwGs1AcCL,1020206,ER_P2,2021-05-20,TPT_candidates,895,TPT Candidates
ARIEL,Cabo Delgado,Ancuabe,Ancuabe CS I,TzPwGs1AcCL,1020206,ER_P2,2021-05-20,TPT_ineligible,34,TPT Ineligible
ARIEL,Cabo Delgado,Ancuabe,Mariri PS,qHaaYvuNGIB,1020207,ER_P3,2021-05-20,TX_CURR,786,TX_CURR
ARIEL,Cabo Delgado,Ancuabe,Mariri PS,qHaaYvuNGIB,1020207,ER_P3,2021-05-20,TX_CURR_TPT_Com,154,TPT Completed
ARIEL,Cabo Delgado,Ancuabe,Mariri PS,qHaaYvuNGIB,1020207,ER_P3,2021-05-20,TX_CURR_TB_tto,7,Recent Active TB TX
ARIEL,Cabo Delgado,Ancuabe,Mariri PS,qHaaYvuNGIB,1020207,ER_P3,2021-05-20,TX_CURR_TPT_Not_Comp_POS_Screen,2,Recent Pos TB Screen
ARIEL,Cabo Delgado,Ancuabe,Mariri PS,qHaaYvuNGIB,1020207,ER_P3,2021-05-20,TX_CURR_W_TPT_last7Mo,131,Actively on TPT
ARIEL,Cabo Delgado,Ancuabe,Mariri PS,qHaaYvuNGIB,1020207,ER_P3,2021-05-20,TPT_candidates,492,TPT Candidates
ARIEL,Cabo Delgado,Ancuabe,Mariri PS,qHaaYvuNGIB,1020207,ER_P3,2021-05-20,TPT_ineligible,9,TPT Ineligible
ARIEL,Cabo Delgado,Ancuabe,Metoro CS III,CoySgwRgeRE,1020209,ER_P2,2021-05-20,TX_CURR,2255,TX_CURR
ARIEL,Cabo Delgado,Ancuabe,Metoro CS III,CoySgwRgeRE,1020209,ER_P2,2021-05-20,TX_CURR_TPT_Com,574,TPT Completed
ARIEL,Cabo Delgado,Ancuabe,Metoro CS III,CoySgwRgeRE,1020209,ER_P2,2021-05-20,TX_CURR_TB_tto,53,Recent Active TB TX
ARIEL,Cabo Delgado,Ancuabe,Metoro CS III,CoySgwRgeRE,1020209,ER_P2,2021-05-20,TX_CURR_TPT_Not_Comp_POS_Screen,8,Recent Pos TB Screen
ARIEL,Cabo Delgado,Ancuabe,Metoro CS III,CoySgwRgeRE,1020209,ER_P2,2021-05-20,TX_CURR_W_TPT_last7Mo,415,Actively on TPT
ARIEL,Cabo Delgado,Ancuabe,Metoro CS III,CoySgwRgeRE,1020209,ER_P2,2021-05-20,TPT_candidates,1205,TPT Candidates
ARIEL,Cabo Delgado,Ancuabe,Metoro CS III,CoySgwRgeRE,1020209,ER_P2,2021-05-20,TPT_ineligible,61,TPT Ineligible
ARIEL,Cabo Delgado,Ancuabe,Meza CS III,zlG1VmpE6QQ,1020210,ER_P2,2021-05-20,TX_CURR,1026,TX_CURR
ARIEL,Cabo Delgado,Ancuabe,Meza CS III,zlG1VmpE6QQ,1020210,ER_P2,2021-05-20,TX_CURR_TPT_Com,168,TPT Completed
ARIEL,Cabo Delgado,Ancuabe,Meza CS III,zlG1VmpE6QQ,1020210,ER_P2,2021-05-20,TX_CURR_TB_tto,21,Recent Active TB TX
ARIEL,Cabo Delgado,Ancuabe,Meza CS III,zlG1VmpE6QQ,1020210,ER_P2,2021-05-20,TX_CURR_TPT_Not_Comp_POS_Screen,4,Recent Pos TB Screen
ARIEL,Cabo Delgado,Ancuabe,Meza CS III,zlG1VmpE6QQ,1020210,ER_P2,2021-05-20,TX_CURR_W_TPT_last7Mo,145,Actively on TPT
ARIEL,Cabo Delgado,Ancuabe,Meza CS III,zlG1VmpE6QQ,1020210,ER_P2,2021-05-20,TPT_candidates,688,TPT Candidates
ARIEL,Cabo Delgado,Ancuabe,Meza CS III,zlG1VmpE6QQ,1020210,ER_P2,2021-05-20,TPT_ineligible,25,TPT Ineligible
ARIEL,Cabo Delgado,Ancuabe,Ntutupue CS,j2k93SJevE1,1020208,ER_P2,2021-05-20,TX_CURR,881,TX_CURR
ARIEL,Cabo Delgado,Ancuabe,Ntutupue CS,j2k93SJevE1,1020208,ER_P2,2021-05-20,TX_CURR_TPT_Com,114,TPT Completed
ARIEL,Cabo Delgado,Ancuabe,Ntutupue CS,j2k93SJevE1,1020208,ER_P2,2021-05-20,TX_CURR_TB_tto,9,Recent Active TB TX
ARIEL,Cabo Delgado,Ancuabe,Ntutupue CS,j2k93SJevE1,1020208,ER_P2,2021-05-20,TX_CURR_TPT_Not_Comp_POS_Screen,5,Recent Pos TB Screen
ARIEL,Cabo Delgado,Ancuabe,Ntutupue CS,j2k93SJevE1,1020208,ER_P2,2021-05-20,TX_CURR_W_TPT_last7Mo,146,Actively on TPT
ARIEL,Cabo Delgado,Ancuabe,Ntutupue CS,j2k93SJevE1,1020208,ER_P2,2021-05-20,TPT_candidates,607,TPT Candidates
ARIEL,Cabo Delgado,Ancuabe,Ntutupue CS,j2k93SJevE1,1020208,ER_P2,2021-05-20,TPT_ineligible,14,TPT Ineligible
ARIEL,Cabo Delgado,Balama,Balama CS II,mDNJnXJ3Bap,1020306,ER_P2,2021-05-20,TX_CURR,1327,TX_CURR
ARIEL,Cabo Delgado,Balama,Balama CS II,mDNJnXJ3Bap,1020306,ER_P2,2021-05-20,TX_CURR_TPT_Com,476,TPT Completed
ARIEL,Cabo Delgado,Balama,Balama CS II,mDNJnXJ3Bap,1020306,ER_P2,2021-05-20,TX_CURR_TB_tto,27,Recent Active TB TX
ARIEL,Cabo Delgado,Balama,Balama CS II,mDNJnXJ3Bap,1020306,ER_P2,2021-05-20,TX_CURR_TPT_Not_Comp_POS_Screen,4,Recent Pos TB Screen
ARIEL,Cabo Delgado,Balama,Balama CS II,mDNJnXJ3Bap,1020306,ER_P2,2021-05-20,TX_CURR_W_TPT_last7Mo,202,Actively on TPT
ARIEL,Cabo Delgado,Balama,Balama CS II,mDNJnXJ3Bap,1020306,ER_P2,2021-05-20,TPT_candidates,618,TPT Candidates
ARIEL,Cabo Delgado,Balama,Balama CS II,mDNJnXJ3Bap,1020306,ER_P2,2021-05-20,TPT_ineligible,31,TPT Ineligible
ARIEL,Cabo Delgado,Chiure,Chiúre CS I,m8FGZ1tP0UE,1020406,ER_P2,2021-05-20,TX_CURR,7564,TX_CURR
ARIEL,Cabo Delgado,Chiure,Chiúre CS I,m8FGZ1tP0UE,1020406,ER_P2,2021-05-20,TX_CURR_TPT_Com,2321,TPT Completed
ARIEL,Cabo Delgado,Chiure,Chiúre CS I,m8FGZ1tP0UE,1020406,ER_P2,2021-05-20,TX_CURR_TB_tto,114,Recent Active TB TX
ARIEL,Cabo Delgado,Chiure,Chiúre CS I,m8FGZ1tP0UE,1020406,ER_P2,2021-05-20,TX_CURR_TPT_Not_Comp_POS_Screen,16,Recent Pos TB Screen
ARIEL,Cabo Delgado,Chiure,Chiúre CS I,m8FGZ1tP0UE,1020406,ER_P2,2021-05-20,TX_CURR_W_TPT_last7Mo,1642,Actively on TPT
ARIEL,Cabo Delgado,Chiure,Chiúre CS I,m8FGZ1tP0UE,1020406,ER_P2,2021-05-20,TPT_candidates,3471,TPT Candidates
ARIEL,Cabo Delgado,Chiure,Chiúre CS I,m8FGZ1tP0UE,1020406,ER_P2,2021-05-20,TPT_ineligible,130,TPT Ineligible
ARIEL,Cabo Delgado,Chiure,Chiúre-Velho CS II,tMpwPcDzIfU,1020407,ER_P3,2021-05-20,TX_CURR,669,TX_CURR
ARIEL,Cabo Delgado,Chiure,Chiúre-Velho CS II,tMpwPcDzIfU,1020407,ER_P3,2021-05-20,TX_CURR_TPT_Com,176,TPT Completed
ARIEL,Cabo Delgado,Chiure,Chiúre-Velho CS II,tMpwPcDzIfU,1020407,ER_P3,2021-05-20,TX_CURR_TB_tto,14,Recent Active TB TX
ARIEL,Cabo Delgado,Chiure,Chiúre-Velho CS II,tMpwPcDzIfU,1020407,ER_P3,2021-05-20,TX_CURR_TPT_Not_Comp_POS_Screen,4,Recent Pos TB Screen
ARIEL,Cabo Delgado,Chiure,Chiúre-Velho CS II,tMpwPcDzIfU,1020407,ER_P3,2021-05-20,TX_CURR_W_TPT_last7Mo,75,Actively on TPT
ARIEL,Cabo Delgado,Chiure,Chiúre-Velho CS II,tMpwPcDzIfU,1020407,ER_P3,2021-05-20,TPT_candidates,400,TPT Candidates
ARIEL,Cabo Delgado,Chiure,Chiúre-Velho CS II,tMpwPcDzIfU,1020407,ER_P3,2021-05-20,TPT_ineligible,18,TPT Ineligible
ARIEL,Cabo Delgado,Chiure,Nacoto CS,GSWPAgMxhy2,1020415,ER_P2,2021-05-20,TX_CURR,858,TX_CURR
ARIEL,Cabo Delgado,Chiure,Nacoto CS,GSWPAgMxhy2,1020415,ER_P2,2021-05-20,TX_CURR_TPT_Com,365,TPT Completed
ARIEL,Cabo Delgado,Chiure,Nacoto CS,GSWPAgMxhy2,1020415,ER_P2,2021-05-20,TX_CURR_TB_tto,9,Recent Active TB TX
ARIEL,Cabo Delgado,Chiure,Nacoto CS,GSWPAgMxhy2,1020415,ER_P2,2021-05-20,TX_CURR_TPT_Not_Comp_POS_Screen,2,Recent Pos TB Screen
ARIEL,Cabo Delgado,Chiure,Nacoto CS,GSWPAgMxhy2,1020415,ER_P2,2021-05-20,TX_CURR_W_TPT_last7Mo,144,Actively on TPT
ARIEL,Cabo Delgado,Chiure,Nacoto CS,GSWPAgMxhy2,1020415,ER_P2,2021-05-20,TPT_candidates,338,TPT Candidates
ARIEL,Cabo Delgado,Chiure,Nacoto CS,GSWPAgMxhy2,1020415,ER_P2,2021-05-20,TPT_ineligible,11,TPT Ineligible
ARIEL,Cabo Delgado,Chiure,Namugelia CS,FPkj0JvlmyK,1020413,ER_P3,2021-05-20,TX_CURR,403,TX_CURR
ARIEL,Cabo Delgado,Chiure,Namugelia CS,FPkj0JvlmyK,1020413,ER_P3,2021-05-20,TX_CURR_TPT_Com,130,TPT Completed
ARIEL,Cabo Delgado,Chiure,Namugelia CS,FPkj0JvlmyK,1020413,ER_P3,2021-05-20,TX_CURR_TB_tto,7,Recent Active TB TX
ARIEL,Cabo Delgado,Chiure,Namugelia CS,FPkj0JvlmyK,1020413,ER_P3,2021-05-20,TX_CURR_TPT_Not_Comp_POS_Screen,3,Recent Pos TB Screen
ARIEL,Cabo Delgado,Chiure,Namugelia CS,FPkj0JvlmyK,1020413,ER_P3,2021-05-20,TX_CURR_W_TPT_last7Mo,108,Actively on TPT
ARIEL,Cabo Delgado,Chiure,Namugelia CS,FPkj0JvlmyK,1020413,ER_P3,2021-05-20,TPT_candidates,155,TPT Candidates
ARIEL,Cabo Delgado,Chiure,Namugelia CS,FPkj0JvlmyK,1020413,ER_P3,2021-05-20,TPT_ineligible,10,TPT Ineligible
ARIEL,Cabo Delgado,Chiure,Ocúa CS III,hoSu28MRYPv,1020411,ER_P2,2021-05-20,TX_CURR,1855,TX_CURR
ARIEL,Cabo Delgado,Chiure,Ocúa CS III,hoSu28MRYPv,1020411,ER_P2,2021-05-20,TX_CURR_TPT_Com,334,TPT Completed
ARIEL,Cabo Delgado,Chiure,Ocúa CS III,hoSu28MRYPv,1020411,ER_P2,2021-05-20,TX_CURR_TB_tto,64,Recent Active TB TX
ARIEL,Cabo Delgado,Chiure,Ocúa CS III,hoSu28MRYPv,1020411,ER_P2,2021-05-20,TX_CURR_TPT_Not_Comp_POS_Screen,6,Recent Pos TB Screen
ARIEL,Cabo Delgado,Chiure,Ocúa CS III,hoSu28MRYPv,1020411,ER_P2,2021-05-20,TX_CURR_W_TPT_last7Mo,327,Actively on TPT
ARIEL,Cabo Delgado,Chiure,Ocúa CS III,hoSu28MRYPv,1020411,ER_P2,2021-05-20,TPT_candidates,1124,TPT Candidates
ARIEL,Cabo Delgado,Chiure,Ocúa CS III,hoSu28MRYPv,1020411,ER_P2,2021-05-20,TPT_ineligible,70,TPT Ineligible
ARIEL,Cabo Delgado,Chiure,"Samora Machel CS (Cabo Delgado, Chiure)",E6KoR8hXk7P,1020404,ER_P2,2021-05-20,TX_CURR,923,TX_CURR
ARIEL,Cabo Delgado,Chiure,"Samora Machel CS (Cabo Delgado, Chiure)",E6KoR8hXk7P,1020404,ER_P2,2021-05-20,TX_CURR_TPT_Com,569,TPT Completed
ARIEL,Cabo Delgado,Chiure,"Samora Machel CS (Cabo Delgado, Chiure)",E6KoR8hXk7P,1020404,ER_P2,2021-05-20,TX_CURR_TB_tto,17,Recent Active TB TX
ARIEL,Cabo Delgado,Chiure,"Samora Machel CS (Cabo Delgado, Chiure)",E6KoR8hXk7P,1020404,ER_P2,2021-05-20,TX_CURR_TPT_Not_Comp_POS_Screen,0,Recent Pos TB Screen
ARIEL,Cabo Delgado,Chiure,"Samora Machel CS (Cabo Delgado, Chiure)",E6KoR8hXk7P,1020404,ER_P2,2021-05-20,TX_CURR_W_TPT_last7Mo,139,Actively on TPT
ARIEL,Cabo Delgado,Chiure,"Samora Machel CS (Cabo Delgado, Chiure)",E6KoR8hXk7P,1020404,ER_P2,2021-05-20,TPT_candidates,198,TPT Candidates
ARIEL,Cabo Delgado,Chiure,"Samora Machel CS (Cabo Delgado, Chiure)",E6KoR8hXk7P,1020404,ER_P2,2021-05-20,TPT_ineligible,17,TPT Ineligible
ARIEL,Cabo Delgado,Macomia,Macomia CS I,nIhIdZmXLXS,1020612,ER_P2,2021-05-20,TX_CURR,103,TX_CURR
ARIEL,Cabo Delgado,Macomia,Macomia CS I,nIhIdZmXLXS,1020612,ER_P2,2021-05-20,TX_CURR_TPT_Com,3,TPT Completed
ARIEL,Cabo Delgado,Macomia,Macomia CS I,nIhIdZmXLXS,1020612,ER_P2,2021-05-20,TX_CURR_TB_tto,1,Recent Active TB TX
ARIEL,Cabo Delgado,Macomia,Macomia CS I,nIhIdZmXLXS,1020612,ER_P2,2021-05-20,TX_CURR_TPT_Not_Comp_POS_Screen,0,Recent Pos TB Screen
ARIEL,Cabo Delgado,Macomia,Macomia CS I,nIhIdZmXLXS,1020612,ER_P2,2021-05-20,TX_CURR_W_TPT_last7Mo,0,Actively on TPT
ARIEL,Cabo Delgado,Macomia,Macomia CS I,nIhIdZmXLXS,1020612,ER_P2,2021-05-20,TPT_candidates,99,TPT Candidates
ARIEL,Cabo Delgado,Macomia,Macomia CS I,nIhIdZmXLXS,1020612,ER_P2,2021-05-20,TPT_ineligible,1,TPT Ineligible
ARIEL,Cabo Delgado,Mecufi,Mecufi CS II,QRaKmOedEZx,1020706,ER_P2,2021-05-20,TX_CURR,835,TX_CURR
ARIEL,Cabo Delgado,Mecufi,Mecufi CS II,QRaKmOedEZx,1020706,ER_P2,2021-05-20,TX_CURR_TPT_Com,267,TPT Completed
ARIEL,Cabo Delgado,Mecufi,Mecufi CS II,QRaKmOedEZx,1020706,ER_P2,2021-05-20,TX_CURR_TB_tto,17,Recent Active TB TX
ARIEL,Cabo Delgado,Mecufi,Mecufi CS II,QRaKmOedEZx,1020706,ER_P2,2021-05-20,TX_CURR_TPT_Not_Comp_POS_Screen,1,Recent Pos TB Screen
ARIEL,Cabo Delgado,Mecufi,Mecufi CS II,QRaKmOedEZx,1020706,ER_P2,2021-05-20,TX_CURR_W_TPT_last7Mo,121,Actively on TPT
ARIEL,Cabo Delgado,Mecufi,Mecufi CS II,QRaKmOedEZx,1020706,ER_P2,2021-05-20,TPT_candidates,429,TPT Candidates
ARIEL,Cabo Delgado,Mecufi,Mecufi CS II,QRaKmOedEZx,1020706,ER_P2,2021-05-20,TPT_ineligible,18,TPT Ineligible
ARIEL,Cabo Delgado,Meluco,Meluco CS II,MA3CYGbUEaG,1020809,ER_P3,2021-05-20,TX_CURR,546,TX_CURR
ARIEL,Cabo Delgado,Meluco,Meluco CS II,MA3CYGbUEaG,1020809,ER_P3,2021-05-20,TX_CURR_TPT_Com,49,TPT Completed
ARIEL,Cabo Delgado,Meluco,Meluco CS II,MA3CYGbUEaG,1020809,ER_P3,2021-05-20,TX_CURR_TB_tto,21,Recent Active TB TX
ARIEL,Cabo Delgado,Meluco,Meluco CS II,MA3CYGbUEaG,1020809,ER_P3,2021-05-20,TX_CURR_TPT_Not_Comp_POS_Screen,7,Recent Pos TB Screen
ARIEL,Cabo Delgado,Meluco,Meluco CS II,MA3CYGbUEaG,1020809,ER_P3,2021-05-20,TX_CURR_W_TPT_last7Mo,75,Actively on TPT
ARIEL,Cabo Delgado,Meluco,Meluco CS II,MA3CYGbUEaG,1020809,ER_P3,2021-05-20,TPT_candidates,394,TPT Candidates
ARIEL,Cabo Delgado,Meluco,Meluco CS II,MA3CYGbUEaG,1020809,ER_P3,2021-05-20,TPT_ineligible,28,TPT Ineligible
ARIEL,Cabo Delgado,Metuge,Metuge CS II,iL8UKqtpf9G,1021601,ER_P3,2021-05-20,TX_CURR,961,TX_CURR
ARIEL,Cabo Delgado,Metuge,Metuge CS II,iL8UKqtpf9G,1021601,ER_P3,2021-05-20,TX_CURR_TPT_Com,301,TPT Completed
ARIEL,Cabo Delgado,Metuge,Metuge CS II,iL8UKqtpf9G,1021601,ER_P3,2021-05-20,TX_CURR_TB_tto,20,Recent Active TB TX
ARIEL,Cabo Delgado,Metuge,Metuge CS II,iL8UKqtpf9G,1021601,ER_P3,2021-05-20,TX_CURR_TPT_Not_Comp_POS_Screen,4,Recent Pos TB Screen
ARIEL,Cabo Delgado,Metuge,Metuge CS II,iL8UKqtpf9G,1021601,ER_P3,2021-05-20,TX_CURR_W_TPT_last7Mo,345,Actively on TPT
ARIEL,Cabo Delgado,Metuge,Metuge CS II,iL8UKqtpf9G,1021601,ER_P3,2021-05-20,TPT_candidates,291,TPT Candidates
ARIEL,Cabo Delgado,Metuge,Metuge CS II,iL8UKqtpf9G,1021601,ER_P3,2021-05-20,TPT_ineligible,24,TPT Ineligible
ARIEL,Cabo Delgado,Metuge,Mieze CS III,DQaEryfraV6,1021609,ER_P2,2021-05-20,TX_CURR,744,TX_CURR
ARIEL,Cabo Delgado,Metuge,Mieze CS III,DQaEryfraV6,1021609,ER_P2,2021-05-20,TX_CURR_TPT_Com,170,TPT Completed
ARIEL,Cabo Delgado,Metuge,Mieze CS III,DQaEryfraV6,1021609,ER_P2,2021-05-20,TX_CURR_TB_tto,23,Recent Active TB TX
ARIEL,Cabo Delgado,Metuge,Mieze CS III,DQaEryfraV6,1021609,ER_P2,2021-05-20,TX_CURR_TPT_Not_Comp_POS_Screen,3,Recent Pos TB Screen
ARIEL,Cabo Delgado,Metuge,Mieze CS III,DQaEryfraV6,1021609,ER_P2,2021-05-20,TX_CURR_W_TPT_last7Mo,149,Actively on TPT
ARIEL,Cabo Delgado,Metuge,Mieze CS III,DQaEryfraV6,1021609,ER_P2,2021-05-20,TPT_candidates,399,TPT Candidates
ARIEL,Cabo Delgado,Metuge,Mieze CS III,DQaEryfraV6,1021609,ER_P2,2021-05-20,TPT_ineligible,26,TPT Ineligible
ARIEL,Cabo Delgado,Montepuez,Montepuez CSURB,qJsVouyMqE8,1021015,ER_P3,2021-05-20,TX_CURR,2699,TX_CURR
ARIEL,Cabo Delgado,Montepuez,Montepuez CSURB,qJsVouyMqE8,1021015,ER_P3,2021-05-20,TX_CURR_TPT_Com,698,TPT Completed
ARIEL,Cabo Delgado,Montepuez,Montepuez CSURB,qJsVouyMqE8,1021015,ER_P3,2021-05-20,TX_CURR_TB_tto,8,Recent Active TB TX
ARIEL,Cabo Delgado,Montepuez,Montepuez CSURB,qJsVouyMqE8,1021015,ER_P3,2021-05-20,TX_CURR_TPT_Not_Comp_POS_Screen,2,Recent Pos TB Screen
ARIEL,Cabo Delgado,Montepuez,Montepuez CSURB,qJsVouyMqE8,1021015,ER_P3,2021-05-20,TX_CURR_W_TPT_last7Mo,704,Actively on TPT
ARIEL,Cabo Delgado,Montepuez,Montepuez CSURB,qJsVouyMqE8,1021015,ER_P3,2021-05-20,TPT_candidates,1287,TPT Candidates
ARIEL,Cabo Delgado,Montepuez,Montepuez CSURB,qJsVouyMqE8,1021015,ER_P3,2021-05-20,TPT_ineligible,10,TPT Ineligible
ARIEL,Cabo Delgado,Montepuez,Montepuez HR,J9JOpPQB23Y,1021001,ER_P2,2021-05-20,TX_CURR,2610,TX_CURR
ARIEL,Cabo Delgado,Montepuez,Montepuez HR,J9JOpPQB23Y,1021001,ER_P2,2021-05-20,TX_CURR_TPT_Com,518,TPT Completed
ARIEL,Cabo Delgado,Montepuez,Montepuez HR,J9JOpPQB23Y,1021001,ER_P2,2021-05-20,TX_CURR_TB_tto,149,Recent Active TB TX
ARIEL,Cabo Delgado,Montepuez,Montepuez HR,J9JOpPQB23Y,1021001,ER_P2,2021-05-20,TX_CURR_TPT_Not_Comp_POS_Screen,9,Recent Pos TB Screen
ARIEL,Cabo Delgado,Montepuez,Montepuez HR,J9JOpPQB23Y,1021001,ER_P2,2021-05-20,TX_CURR_W_TPT_last7Mo,408,Actively on TPT
ARIEL,Cabo Delgado,Montepuez,Montepuez HR,J9JOpPQB23Y,1021001,ER_P2,2021-05-20,TPT_candidates,1526,TPT Candidates
ARIEL,Cabo Delgado,Montepuez,Montepuez HR,J9JOpPQB23Y,1021001,ER_P2,2021-05-20,TPT_ineligible,158,TPT Ineligible
ARIEL,Cabo Delgado,Montepuez,Namanhumbire PS,VLuN2iZ9oZp,1021011,ER_P2,2021-05-20,TX_CURR,1348,TX_CURR
ARIEL,Cabo Delgado,Montepuez,Namanhumbire PS,VLuN2iZ9oZp,1021011,ER_P2,2021-05-20,TX_CURR_TPT_Com,553,TPT Completed
ARIEL,Cabo Delgado,Montepuez,Namanhumbire PS,VLuN2iZ9oZp,1021011,ER_P2,2021-05-20,TX_CURR_TB_tto,9,Recent Active TB TX
ARIEL,Cabo Delgado,Montepuez,Namanhumbire PS,VLuN2iZ9oZp,1021011,ER_P2,2021-05-20,TX_CURR_TPT_Not_Comp_POS_Screen,1,Recent Pos TB Screen
ARIEL,Cabo Delgado,Montepuez,Namanhumbire PS,VLuN2iZ9oZp,1021011,ER_P2,2021-05-20,TX_CURR_W_TPT_last7Mo,310,Actively on TPT
ARIEL,Cabo Delgado,Montepuez,Namanhumbire PS,VLuN2iZ9oZp,1021011,ER_P2,2021-05-20,TPT_candidates,475,TPT Candidates
ARIEL,Cabo Delgado,Montepuez,Namanhumbire PS,VLuN2iZ9oZp,1021011,ER_P2,2021-05-20,TPT_ineligible,10,TPT Ineligible
ARIEL,Cabo Delgado,Montepuez,Niuhula CS,YdWxRCaQR2D,1021016,ER_P3,2021-05-20,TX_CURR,865,TX_CURR
ARIEL,Cabo Delgado,Montepuez,Niuhula CS,YdWxRCaQR2D,1021016,ER_P3,2021-05-20,TX_CURR_TPT_Com,216,TPT Completed
ARIEL,Cabo Delgado,Montepuez,Niuhula CS,YdWxRCaQR2D,1021016,ER_P3,2021-05-20,TX_CURR_TB_tto,25,Recent Active TB TX
ARIEL,Cabo Delgado,Montepuez,Niuhula CS,YdWxRCaQR2D,1021016,ER_P3,2021-05-20,TX_CURR_TPT_Not_Comp_POS_Screen,2,Recent Pos TB Screen
ARIEL,Cabo Delgado,Montepuez,Niuhula CS,YdWxRCaQR2D,1021016,ER_P3,2021-05-20,TX_CURR_W_TPT_last7Mo,181,Actively on TPT
ARIEL,Cabo Delgado,Montepuez,Niuhula CS,YdWxRCaQR2D,1021016,ER_P3,2021-05-20,TPT_candidates,441,TPT Candidates
ARIEL,Cabo Delgado,Montepuez,Niuhula CS,YdWxRCaQR2D,1021016,ER_P3,2021-05-20,TPT_ineligible,27,TPT Ineligible
ARIEL,Cabo Delgado,Mueda,Mbuo CS III,oNfV9ntBJ9u,1021113,ER_P2,2021-05-20,TX_CURR,961,TX_CURR
ARIEL,Cabo Delgado,Mueda,Mbuo CS III,oNfV9ntBJ9u,1021113,ER_P2,2021-05-20,TX_CURR_TPT_Com,382,TPT Completed
ARIEL,Cabo Delgado,Mueda,Mbuo CS III,oNfV9ntBJ9u,1021113,ER_P2,2021-05-20,TX_CURR_TB_tto,1,Recent Active TB TX
ARIEL,Cabo Delgado,Mueda,Mbuo CS III,oNfV9ntBJ9u,1021113,ER_P2,2021-05-20,TX_CURR_TPT_Not_Comp_POS_Screen,0,Recent Pos TB Screen
ARIEL,Cabo Delgado,Mueda,Mbuo CS III,oNfV9ntBJ9u,1021113,ER_P2,2021-05-20,TX_CURR_W_TPT_last7Mo,49,Actively on TPT
ARIEL,Cabo Delgado,Mueda,Mbuo CS III,oNfV9ntBJ9u,1021113,ER_P2,2021-05-20,TPT_candidates,529,TPT Candidates
ARIEL,Cabo Delgado,Mueda,Mbuo CS III,oNfV9ntBJ9u,1021113,ER_P2,2021-05-20,TPT_ineligible,1,TPT Ineligible
ARIEL,Cabo Delgado,Mueda,M'Peme CS III,RW617O0UjQJ,1021108,ER_P2,2021-05-20,TX_CURR,1276,TX_CURR
ARIEL,Cabo Delgado,Mueda,M'Peme CS III,RW617O0UjQJ,1021108,ER_P2,2021-05-20,TX_CURR_TPT_Com,185,TPT Completed
ARIEL,Cabo Delgado,Mueda,M'Peme CS III,RW617O0UjQJ,1021108,ER_P2,2021-05-20,TX_CURR_TB_tto,4,Recent Active TB TX
ARIEL,Cabo Delgado,Mueda,M'Peme CS III,RW617O0UjQJ,1021108,ER_P2,2021-05-20,TX_CURR_TPT_Not_Comp_POS_Screen,0,Recent Pos TB Screen
ARIEL,Cabo Delgado,Mueda,M'Peme CS III,RW617O0UjQJ,1021108,ER_P2,2021-05-20,TX_CURR_W_TPT_last7Mo,91,Actively on TPT
ARIEL,Cabo Delgado,Mueda,M'Peme CS III,RW617O0UjQJ,1021108,ER_P2,2021-05-20,TPT_candidates,996,TPT Candidates
ARIEL,Cabo Delgado,Mueda,M'Peme CS III,RW617O0UjQJ,1021108,ER_P2,2021-05-20,TPT_ineligible,4,TPT Ineligible
ARIEL,Cabo Delgado,Mueda,Mueda CS I,ElmgbenqYn7,1021106,ER_P2,2021-05-20,TX_CURR,6145,TX_CURR
ARIEL,Cabo Delgado,Mueda,Mueda CS I,ElmgbenqYn7,1021106,ER_P2,2021-05-20,TX_CURR_TPT_Com,433,TPT Completed
ARIEL,Cabo Delgado,Mueda,Mueda CS I,ElmgbenqYn7,1021106,ER_P2,2021-05-20,TX_CURR_TB_tto,68,Recent Active TB TX
ARIEL,Cabo Delgado,Mueda,Mueda CS I,ElmgbenqYn7,1021106,ER_P2,2021-05-20,TX_CURR_TPT_Not_Comp_POS_Screen,41,Recent Pos TB Screen
ARIEL,Cabo Delgado,Mueda,Mueda CS I,ElmgbenqYn7,1021106,ER_P2,2021-05-20,TX_CURR_W_TPT_last7Mo,437,Actively on TPT
ARIEL,Cabo Delgado,Mueda,Mueda CS I,ElmgbenqYn7,1021106,ER_P2,2021-05-20,TPT_candidates,5166,TPT Candidates
ARIEL,Cabo Delgado,Mueda,Mueda CS I,ElmgbenqYn7,1021106,ER_P2,2021-05-20,TPT_ineligible,109,TPT Ineligible
ARIEL,Cabo Delgado,Namuno,Namuno CS I,od9Sosf2Y0V,1021306,ER_P2,2021-05-20,TX_CURR,1700,TX_CURR
ARIEL,Cabo Delgado,Namuno,Namuno CS I,od9Sosf2Y0V,1021306,ER_P2,2021-05-20,TX_CURR_TPT_Com,663,TPT Completed
ARIEL,Cabo Delgado,Namuno,Namuno CS I,od9Sosf2Y0V,1021306,ER_P2,2021-05-20,TX_CURR_TB_tto,99,Recent Active TB TX
ARIEL,Cabo Delgado,Namuno,Namuno CS I,od9Sosf2Y0V,1021306,ER_P2,2021-05-20,TX_CURR_TPT_Not_Comp_POS_Screen,6,Recent Pos TB Screen
ARIEL,Cabo Delgado,Namuno,Namuno CS I,od9Sosf2Y0V,1021306,ER_P2,2021-05-20,TX_CURR_W_TPT_last7Mo,351,Actively on TPT
ARIEL,Cabo Delgado,Namuno,Namuno CS I,od9Sosf2Y0V,1021306,ER_P2,2021-05-20,TPT_candidates,581,TPT Candidates
ARIEL,Cabo Delgado,Namuno,Namuno CS I,od9Sosf2Y0V,1021306,ER_P2,2021-05-20,TPT_ineligible,105,TPT Ineligible
ARIEL,Cabo Delgado,Nangade,Nangade CS II,dY1ATXbywBu,1021406,ER_P2,2021-05-20,TX_CURR,237,TX_CURR
ARIEL,Cabo Delgado,Nangade,Nangade CS II,dY1ATXbywBu,1021406,ER_P2,2021-05-20,TX_CURR_TPT_Com,2,TPT Completed
ARIEL,Cabo Delgado,Nangade,Nangade CS II,dY1ATXbywBu,1021406,ER_P2,2021-05-20,TX_CURR_TB_tto,0,Recent Active TB TX
ARIEL,Cabo Delgado,Nangade,Nangade CS II,dY1ATXbywBu,1021406,ER_P2,2021-05-20,TX_CURR_TPT_Not_Comp_POS_Screen,0,Recent Pos TB Screen
ARIEL,Cabo Delgado,Nangade,Nangade CS II,dY1ATXbywBu,1021406,ER_P2,2021-05-20,TX_CURR_W_TPT_last7Mo,14,Actively on TPT
ARIEL,Cabo Delgado,Nangade,Nangade CS II,dY1ATXbywBu,1021406,ER_P2,2021-05-20,TPT_candidates,221,TPT Candidates
ARIEL,Cabo Delgado,Nangade,Nangade CS II,dY1ATXbywBu,1021406,ER_P2,2021-05-20,TPT_ineligible,0,TPT Ineligible
ARIEL,Cabo Delgado,Nangade,N'Tamba CS III,vvaX4oKLyKo,1021407,ER_P3,2021-05-20,TX_CURR,401,TX_CURR
ARIEL,Cabo Delgado,Nangade,N'Tamba CS III,vvaX4oKLyKo,1021407,ER_P3,2021-05-20,TX_CURR_TPT_Com,23,TPT Completed
ARIEL,Cabo Delgado,Nangade,N'Tamba CS III,vvaX4oKLyKo,1021407,ER_P3,2021-05-20,TX_CURR_TB_tto,3,Recent Active TB TX
ARIEL,Cabo Delgado,Nangade,N'Tamba CS III,vvaX4oKLyKo,1021407,ER_P3,2021-05-20,TX_CURR_TPT_Not_Comp_POS_Screen,5,Recent Pos TB Screen
ARIEL,Cabo Delgado,Nangade,N'Tamba CS III,vvaX4oKLyKo,1021407,ER_P3,2021-05-20,TX_CURR_W_TPT_last7Mo,33,Actively on TPT
ARIEL,Cabo Delgado,Nangade,N'Tamba CS III,vvaX4oKLyKo,1021407,ER_P3,2021-05-20,TPT_candidates,337,TPT Candidates
ARIEL,Cabo Delgado,Nangade,N'Tamba CS III,vvaX4oKLyKo,1021407,ER_P3,2021-05-20,TPT_ineligible,8,TPT Ineligible
ARIEL,Cabo Delgado,Pemba,B. Cariacó CS III,etyPfIkrlrM,1020106,ER_P1,2021-05-20,TX_CURR,3224,TX_CURR
ARIEL,Cabo Delgado,Pemba,B. Cariacó CS III,etyPfIkrlrM,1020106,ER_P1,2021-05-20,TX_CURR_TPT_Com,834,TPT Completed
ARIEL,Cabo Delgado,Pemba,B. Cariacó CS III,etyPfIkrlrM,1020106,ER_P1,2021-05-20,TX_CURR_TB_tto,97,Recent Active TB TX
ARIEL,Cabo Delgado,Pemba,B. Cariacó CS III,etyPfIkrlrM,1020106,ER_P1,2021-05-20,TX_CURR_TPT_Not_Comp_POS_Screen,8,Recent Pos TB Screen
ARIEL,Cabo Delgado,Pemba,B. Cariacó CS III,etyPfIkrlrM,1020106,ER_P1,2021-05-20,TX_CURR_W_TPT_last7Mo,477,Actively on TPT
ARIEL,Cabo Delgado,Pemba,B. Cariacó CS III,etyPfIkrlrM,1020106,ER_P1,2021-05-20,TPT_candidates,1808,TPT Candidates
ARIEL,Cabo Delgado,Pemba,B. Cariacó CS III,etyPfIkrlrM,1020106,ER_P1,2021-05-20,TPT_ineligible,105,TPT Ineligible
ARIEL,Cabo Delgado,Pemba,B. Cimento CSURB,E8PnLO9QRcE,1020109,ER_P2,2021-05-20,TX_CURR,1346,TX_CURR
ARIEL,Cabo Delgado,Pemba,B. Cimento CSURB,E8PnLO9QRcE,1020109,ER_P2,2021-05-20,TX_CURR_TPT_Com,651,TPT Completed
ARIEL,Cabo Delgado,Pemba,B. Cimento CSURB,E8PnLO9QRcE,1020109,ER_P2,2021-05-20,TX_CURR_TB_tto,32,Recent Active TB TX
ARIEL,Cabo Delgado,Pemba,B. Cimento CSURB,E8PnLO9QRcE,1020109,ER_P2,2021-05-20,TX_CURR_TPT_Not_Comp_POS_Screen,5,Recent Pos TB Screen
ARIEL,Cabo Delgado,Pemba,B. Cimento CSURB,E8PnLO9QRcE,1020109,ER_P2,2021-05-20,TX_CURR_W_TPT_last7Mo,233,Actively on TPT
ARIEL,Cabo Delgado,Pemba,B. Cimento CSURB,E8PnLO9QRcE,1020109,ER_P2,2021-05-20,TPT_candidates,425,TPT Candidates
ARIEL,Cabo Delgado,Pemba,B. Cimento CSURB,E8PnLO9QRcE,1020109,ER_P2,2021-05-20,TPT_ineligible,37,TPT Ineligible
ARIEL,Cabo Delgado,Pemba,B. Eduardo Mondlane PS,vBjsjEqsmWL,1020110,ER_P2,2021-05-20,TX_CURR,2782,TX_CURR
ARIEL,Cabo Delgado,Pemba,B. Eduardo Mondlane PS,vBjsjEqsmWL,1020110,ER_P2,2021-05-20,TX_CURR_TPT_Com,637,TPT Completed
ARIEL,Cabo Delgado,Pemba,B. Eduardo Mondlane PS,vBjsjEqsmWL,1020110,ER_P2,2021-05-20,TX_CURR_TB_tto,89,Recent Active TB TX
ARIEL,Cabo Delgado,Pemba,B. Eduardo Mondlane PS,vBjsjEqsmWL,1020110,ER_P2,2021-05-20,TX_CURR_TPT_Not_Comp_POS_Screen,1,Recent Pos TB Screen
ARIEL,Cabo Delgado,Pemba,B. Eduardo Mondlane PS,vBjsjEqsmWL,1020110,ER_P2,2021-05-20,TX_CURR_W_TPT_last7Mo,665,Actively on TPT
ARIEL,Cabo Delgado,Pemba,B. Eduardo Mondlane PS,vBjsjEqsmWL,1020110,ER_P2,2021-05-20,TPT_candidates,1390,TPT Candidates
ARIEL,Cabo Delgado,Pemba,B. Eduardo Mondlane PS,vBjsjEqsmWL,1020110,ER_P2,2021-05-20,TPT_ineligible,90,TPT Ineligible
ARIEL,Cabo Delgado,Pemba,B. Ingonane CS III,usFB6MgBB6t,1020107,ER_P2,2021-05-20,TX_CURR,785,TX_CURR
ARIEL,Cabo Delgado,Pemba,B. Ingonane CS III,usFB6MgBB6t,1020107,ER_P2,2021-05-20,TX_CURR_TPT_Com,261,TPT Completed
ARIEL,Cabo Delgado,Pemba,B. Ingonane CS III,usFB6MgBB6t,1020107,ER_P2,2021-05-20,TX_CURR_TB_tto,31,Recent Active TB TX
ARIEL,Cabo Delgado,Pemba,B. Ingonane CS III,usFB6MgBB6t,1020107,ER_P2,2021-05-20,TX_CURR_TPT_Not_Comp_POS_Screen,7,Recent Pos TB Screen
ARIEL,Cabo Delgado,Pemba,B. Ingonane CS III,usFB6MgBB6t,1020107,ER_P2,2021-05-20,TX_CURR_W_TPT_last7Mo,152,Actively on TPT
ARIEL,Cabo Delgado,Pemba,B. Ingonane CS III,usFB6MgBB6t,1020107,ER_P2,2021-05-20,TPT_candidates,334,TPT Candidates
ARIEL,Cabo Delgado,Pemba,B. Ingonane CS III,usFB6MgBB6t,1020107,ER_P2,2021-05-20,TPT_ineligible,38,TPT Ineligible
ARIEL,Cabo Delgado,Pemba,B. Muxara PS,mVZB3R5M66F,1020112,ER_P2,2021-05-20,TX_CURR,1025,TX_CURR
ARIEL,Cabo Delgado,Pemba,B. Muxara PS,mVZB3R5M66F,1020112,ER_P2,2021-05-20,TX_CURR_TPT_Com,306,TPT Completed
ARIEL,Cabo Delgado,Pemba,B. Muxara PS,mVZB3R5M66F,1020112,ER_P2,2021-05-20,TX_CURR_TB_tto,17,Recent Active TB TX
ARIEL,Cabo Delgado,Pemba,B. Muxara PS,mVZB3R5M66F,1020112,ER_P2,2021-05-20,TX_CURR_TPT_Not_Comp_POS_Screen,0,Recent Pos TB Screen
ARIEL,Cabo Delgado,Pemba,B. Muxara PS,mVZB3R5M66F,1020112,ER_P2,2021-05-20,TX_CURR_W_TPT_last7Mo,186,Actively on TPT
ARIEL,Cabo Delgado,Pemba,B. Muxara PS,mVZB3R5M66F,1020112,ER_P2,2021-05-20,TPT_candidates,516,TPT Candidates
ARIEL,Cabo Delgado,Pemba,B. Muxara PS,mVZB3R5M66F,1020112,ER_P2,2021-05-20,TPT_ineligible,17,TPT Ineligible
ARIEL,Cabo Delgado,Pemba,Hospital Provincial de Pemba HP,U7jt55boMwC,1020100,ER_P1,2021-05-20,TX_CURR,2034,TX_CURR
ARIEL,Cabo Delgado,Pemba,Hospital Provincial de Pemba HP,U7jt55boMwC,1020100,ER_P1,2021-05-20,TX_CURR_TPT_Com,1416,TPT Completed
ARIEL,Cabo Delgado,Pemba,Hospital Provincial de Pemba HP,U7jt55boMwC,1020100,ER_P1,2021-05-20,TX_CURR_TB_tto,9,Recent Active TB TX
ARIEL,Cabo Delgado,Pemba,Hospital Provincial de Pemba HP,U7jt55boMwC,1020100,ER_P1,2021-05-20,TX_CURR_TPT_Not_Comp_POS_Screen,7,Recent Pos TB Screen
ARIEL,Cabo Delgado,Pemba,Hospital Provincial de Pemba HP,U7jt55boMwC,1020100,ER_P1,2021-05-20,TX_CURR_W_TPT_last7Mo,183,Actively on TPT
ARIEL,Cabo Delgado,Pemba,Hospital Provincial de Pemba HP,U7jt55boMwC,1020100,ER_P1,2021-05-20,TPT_candidates,419,TPT Candidates
ARIEL,Cabo Delgado,Pemba,Hospital Provincial de Pemba HP,U7jt55boMwC,1020100,ER_P1,2021-05-20,TPT_ineligible,16,TPT Ineligible
ARIEL,Cabo Delgado,Pemba,"Mahate PS (Cabo Delgado, Cidade De Pemba)",dw94DZyrpUZ,1020111,ER_P2,2021-05-20,TX_CURR,1204,TX_CURR
ARIEL,Cabo Delgado,Pemba,"Mahate PS (Cabo Delgado, Cidade De Pemba)",dw94DZyrpUZ,1020111,ER_P2,2021-05-20,TX_CURR_TPT_Com,354,TPT Completed
ARIEL,Cabo Delgado,Pemba,"Mahate PS (Cabo Delgado, Cidade De Pemba)",dw94DZyrpUZ,1020111,ER_P2,2021-05-20,TX_CURR_TB_tto,27,Recent Active TB TX
ARIEL,Cabo Delgado,Pemba,"Mahate PS (Cabo Delgado, Cidade De Pemba)",dw94DZyrpUZ,1020111,ER_P2,2021-05-20,TX_CURR_TPT_Not_Comp_POS_Screen,3,Recent Pos TB Screen
ARIEL,Cabo Delgado,Pemba,"Mahate PS (Cabo Delgado, Cidade De Pemba)",dw94DZyrpUZ,1020111,ER_P2,2021-05-20,TX_CURR_W_TPT_last7Mo,171,Actively on TPT
ARIEL,Cabo Delgado,Pemba,"Mahate PS (Cabo Delgado, Cidade De Pemba)",dw94DZyrpUZ,1020111,ER_P2,2021-05-20,TPT_candidates,649,TPT Candidates
ARIEL,Cabo Delgado,Pemba,"Mahate PS (Cabo Delgado, Cidade De Pemba)",dw94DZyrpUZ,1020111,ER_P2,2021-05-20,TPT_ineligible,30,TPT Ineligible
ARIEL,Cabo Delgado,Pemba,Natite PS,qc9eMgI8Y95,1020108,ER_P1,2021-05-20,TX_CURR,3962,TX_CURR
ARIEL,Cabo Delgado,Pemba,Natite PS,qc9eMgI8Y95,1020108,ER_P1,2021-05-20,TX_CURR_TPT_Com,789,TPT Completed
ARIEL,Cabo Delgado,Pemba,Natite PS,qc9eMgI8Y95,1020108,ER_P1,2021-05-20,TX_CURR_TB_tto,96,Recent Active TB TX
ARIEL,Cabo Delgado,Pemba,Natite PS,qc9eMgI8Y95,1020108,ER_P1,2021-05-20,TX_CURR_TPT_Not_Comp_POS_Screen,20,Recent Pos TB Screen
ARIEL,Cabo Delgado,Pemba,Natite PS,qc9eMgI8Y95,1020108,ER_P1,2021-05-20,TX_CURR_W_TPT_last7Mo,640,Actively on TPT
ARIEL,Cabo Delgado,Pemba,Natite PS,qc9eMgI8Y95,1020108,ER_P1,2021-05-20,TPT_candidates,2417,TPT Candidates
ARIEL,Cabo Delgado,Pemba,Natite PS,qc9eMgI8Y95,1020108,ER_P1,2021-05-20,TPT_ineligible,116,TPT Ineligible
ARIEL,Maputo Provincia,Boane,Beleluane,RMKAo2HcVkM,1100210,ER_P1,2021-05-20,TX_CURR,3343,TX_CURR
ARIEL,Maputo Provincia,Boane,Beleluane,RMKAo2HcVkM,1100210,ER_P1,2021-05-20,TX_CURR_TPT_Com,1116,TPT Completed
ARIEL,Maputo Provincia,Boane,Beleluane,RMKAo2HcVkM,1100210,ER_P1,2021-05-20,TX_CURR_TB_tto,93,Recent Active TB TX
ARIEL,Maputo Provincia,Boane,Beleluane,RMKAo2HcVkM,1100210,ER_P1,2021-05-20,TX_CURR_TPT_Not_Comp_POS_Screen,2,Recent Pos TB Screen
ARIEL,Maputo Provincia,Boane,Beleluane,RMKAo2HcVkM,1100210,ER_P1,2021-05-20,TX_CURR_W_TPT_last7Mo,277,Actively on TPT
ARIEL,Maputo Provincia,Boane,Beleluane,RMKAo2HcVkM,1100210,ER_P1,2021-05-20,TPT_candidates,1855,TPT Candidates
ARIEL,Maputo Provincia,Boane,Beleluane,RMKAo2HcVkM,1100210,ER_P1,2021-05-20,TPT_ineligible,95,TPT Ineligible
ARIEL,Maputo Provincia,Boane,Boane CS,z4kLOdnL1Op,1100206,ER_P1,2021-05-20,TX_CURR,6616,TX_CURR
ARIEL,Maputo Provincia,Boane,Boane CS,z4kLOdnL1Op,1100206,ER_P1,2021-05-20,TX_CURR_TPT_Com,1702,TPT Completed
ARIEL,Maputo Provincia,Boane,Boane CS,z4kLOdnL1Op,1100206,ER_P1,2021-05-20,TX_CURR_TB_tto,277,Recent Active TB TX
ARIEL,Maputo Provincia,Boane,Boane CS,z4kLOdnL1Op,1100206,ER_P1,2021-05-20,TX_CURR_TPT_Not_Comp_POS_Screen,14,Recent Pos TB Screen
ARIEL,Maputo Provincia,Boane,Boane CS,z4kLOdnL1Op,1100206,ER_P1,2021-05-20,TX_CURR_W_TPT_last7Mo,497,Actively on TPT
ARIEL,Maputo Provincia,Boane,Boane CS,z4kLOdnL1Op,1100206,ER_P1,2021-05-20,TPT_candidates,4126,TPT Candidates
ARIEL,Maputo Provincia,Boane,Boane CS,z4kLOdnL1Op,1100206,ER_P1,2021-05-20,TPT_ineligible,291,TPT Ineligible
ARIEL,Maputo Provincia,Boane,Campuane PS,W1wtZLbWuY0,1100207,ER_P2,2021-05-20,TX_CURR,1972,TX_CURR
ARIEL,Maputo Provincia,Boane,Campuane PS,W1wtZLbWuY0,1100207,ER_P2,2021-05-20,TX_CURR_TPT_Com,596,TPT Completed
ARIEL,Maputo Provincia,Boane,Campuane PS,W1wtZLbWuY0,1100207,ER_P2,2021-05-20,TX_CURR_TB_tto,50,Recent Active TB TX
ARIEL,Maputo Provincia,Boane,Campuane PS,W1wtZLbWuY0,1100207,ER_P2,2021-05-20,TX_CURR_TPT_Not_Comp_POS_Screen,0,Recent Pos TB Screen
ARIEL,Maputo Provincia,Boane,Campuane PS,W1wtZLbWuY0,1100207,ER_P2,2021-05-20,TX_CURR_W_TPT_last7Mo,184,Actively on TPT
ARIEL,Maputo Provincia,Boane,Campuane PS,W1wtZLbWuY0,1100207,ER_P2,2021-05-20,TPT_candidates,1142,TPT Candidates
ARIEL,Maputo Provincia,Boane,Campuane PS,W1wtZLbWuY0,1100207,ER_P2,2021-05-20,TPT_ineligible,50,TPT Ineligible
ARIEL,Maputo Provincia,Boane,Centro de Saude de Mulotana,eFB6BfJ2BTY,1100218,ER_P2,2021-05-20,TX_CURR,1119,TX_CURR
ARIEL,Maputo Provincia,Boane,Centro de Saude de Mulotana,eFB6BfJ2BTY,1100218,ER_P2,2021-05-20,TX_CURR_TPT_Com,522,TPT Completed
ARIEL,Maputo Provincia,Boane,Centro de Saude de Mulotana,eFB6BfJ2BTY,1100218,ER_P2,2021-05-20,TX_CURR_TB_tto,30,Recent Active TB TX
ARIEL,Maputo Provincia,Boane,Centro de Saude de Mulotana,eFB6BfJ2BTY,1100218,ER_P2,2021-05-20,TX_CURR_TPT_Not_Comp_POS_Screen,2,Recent Pos TB Screen
ARIEL,Maputo Provincia,Boane,Centro de Saude de Mulotana,eFB6BfJ2BTY,1100218,ER_P2,2021-05-20,TX_CURR_W_TPT_last7Mo,141,Actively on TPT
ARIEL,Maputo Provincia,Boane,Centro de Saude de Mulotana,eFB6BfJ2BTY,1100218,ER_P2,2021-05-20,TPT_candidates,424,TPT Candidates
ARIEL,Maputo Provincia,Boane,Centro de Saude de Mulotana,eFB6BfJ2BTY,1100218,ER_P2,2021-05-20,TPT_ineligible,32,TPT Ineligible
ARIEL,Maputo Provincia,Boane,Gaiato PS,r4mXVpHUWC7,1100214,ER_P2,2021-05-20,TX_CURR,747,TX_CURR
ARIEL,Maputo Provincia,Boane,Gaiato PS,r4mXVpHUWC7,1100214,ER_P2,2021-05-20,TX_CURR_TPT_Com,308,TPT Completed
ARIEL,Maputo Provincia,Boane,Gaiato PS,r4mXVpHUWC7,1100214,ER_P2,2021-05-20,TX_CURR_TB_tto,34,Recent Active TB TX
ARIEL,Maputo Provincia,Boane,Gaiato PS,r4mXVpHUWC7,1100214,ER_P2,2021-05-20,TX_CURR_TPT_Not_Comp_POS_Screen,4,Recent Pos TB Screen
ARIEL,Maputo Provincia,Boane,Gaiato PS,r4mXVpHUWC7,1100214,ER_P2,2021-05-20,TX_CURR_W_TPT_last7Mo,48,Actively on TPT
ARIEL,Maputo Provincia,Boane,Gaiato PS,r4mXVpHUWC7,1100214,ER_P2,2021-05-20,TPT_candidates,353,TPT Candidates
ARIEL,Maputo Provincia,Boane,Gaiato PS,r4mXVpHUWC7,1100214,ER_P2,2021-05-20,TPT_ineligible,38,TPT Ineligible
ARIEL,Maputo Provincia,Boane,Mahubo PS,nvXHNeXXvJ5,1100208,ER_P2,2021-05-20,TX_CURR,841,TX_CURR
ARIEL,Maputo Provincia,Boane,Mahubo PS,nvXHNeXXvJ5,1100208,ER_P2,2021-05-20,TX_CURR_TPT_Com,172,TPT Completed
ARIEL,Maputo Provincia,Boane,Mahubo PS,nvXHNeXXvJ5,1100208,ER_P2,2021-05-20,TX_CURR_TB_tto,25,Recent Active TB TX
ARIEL,Maputo Provincia,Boane,Mahubo PS,nvXHNeXXvJ5,1100208,ER_P2,2021-05-20,TX_CURR_TPT_Not_Comp_POS_Screen,2,Recent Pos TB Screen
ARIEL,Maputo Provincia,Boane,Mahubo PS,nvXHNeXXvJ5,1100208,ER_P2,2021-05-20,TX_CURR_W_TPT_last7Mo,49,Actively on TPT
ARIEL,Maputo Provincia,Boane,Mahubo PS,nvXHNeXXvJ5,1100208,ER_P2,2021-05-20,TPT_candidates,593,TPT Candidates
ARIEL,Maputo Provincia,Boane,Mahubo PS,nvXHNeXXvJ5,1100208,ER_P2,2021-05-20,TPT_ineligible,27,TPT Ineligible
ARIEL,Maputo Provincia,Boane,Matola-Rio PS,ZBkpY2KdibX,1100212,ER_P2,2021-05-20,TX_CURR,1334,TX_CURR
ARIEL,Maputo Provincia,Boane,Matola-Rio PS,ZBkpY2KdibX,1100212,ER_P2,2021-05-20,TX_CURR_TPT_Com,555,TPT Completed
ARIEL,Maputo Provincia,Boane,Matola-Rio PS,ZBkpY2KdibX,1100212,ER_P2,2021-05-20,TX_CURR_TB_tto,79,Recent Active TB TX
ARIEL,Maputo Provincia,Boane,Matola-Rio PS,ZBkpY2KdibX,1100212,ER_P2,2021-05-20,TX_CURR_TPT_Not_Comp_POS_Screen,0,Recent Pos TB Screen
ARIEL,Maputo Provincia,Boane,Matola-Rio PS,ZBkpY2KdibX,1100212,ER_P2,2021-05-20,TX_CURR_W_TPT_last7Mo,195,Actively on TPT
ARIEL,Maputo Provincia,Boane,Matola-Rio PS,ZBkpY2KdibX,1100212,ER_P2,2021-05-20,TPT_candidates,505,TPT Candidates
ARIEL,Maputo Provincia,Boane,Matola-Rio PS,ZBkpY2KdibX,1100212,ER_P2,2021-05-20,TPT_ineligible,79,TPT Ineligible
ARIEL,Maputo Provincia,Magude,Magude CS,IQIfv1gEqzC,1100306,ER_P1,2021-05-20,TX_CURR,4660,TX_CURR
ARIEL,Maputo Provincia,Magude,Magude CS,IQIfv1gEqzC,1100306,ER_P1,2021-05-20,TX_CURR_TPT_Com,1768,TPT Completed
ARIEL,Maputo Provincia,Magude,Magude CS,IQIfv1gEqzC,1100306,ER_P1,2021-05-20,TX_CURR_TB_tto,153,Recent Active TB TX
ARIEL,Maputo Provincia,Magude,Magude CS,IQIfv1gEqzC,1100306,ER_P1,2021-05-20,TX_CURR_TPT_Not_Comp_POS_Screen,7,Recent Pos TB Screen
ARIEL,Maputo Provincia,Magude,Magude CS,IQIfv1gEqzC,1100306,ER_P1,2021-05-20,TX_CURR_W_TPT_last7Mo,299,Actively on TPT
ARIEL,Maputo Provincia,Magude,Magude CS,IQIfv1gEqzC,1100306,ER_P1,2021-05-20,TPT_candidates,2433,TPT Candidates
ARIEL,Maputo Provincia,Magude,Magude CS,IQIfv1gEqzC,1100306,ER_P1,2021-05-20,TPT_ineligible,160,TPT Ineligible
ARIEL,Maputo Provincia,Magude,Motaze PS,aHNXoYj7uNJ,1100308,ER_P2,2021-05-20,TX_CURR,803,TX_CURR
ARIEL,Maputo Provincia,Magude,Motaze PS,aHNXoYj7uNJ,1100308,ER_P2,2021-05-20,TX_CURR_TPT_Com,477,TPT Completed
ARIEL,Maputo Provincia,Magude,Motaze PS,aHNXoYj7uNJ,1100308,ER_P2,2021-05-20,TX_CURR_TB_tto,6,Recent Active TB TX
ARIEL,Maputo Provincia,Magude,Motaze PS,aHNXoYj7uNJ,1100308,ER_P2,2021-05-20,TX_CURR_TPT_Not_Comp_POS_Screen,0,Recent Pos TB Screen
ARIEL,Maputo Provincia,Magude,Motaze PS,aHNXoYj7uNJ,1100308,ER_P2,2021-05-20,TX_CURR_W_TPT_last7Mo,35,Actively on TPT
ARIEL,Maputo Provincia,Magude,Motaze PS,aHNXoYj7uNJ,1100308,ER_P2,2021-05-20,TPT_candidates,285,TPT Candidates
ARIEL,Maputo Provincia,Magude,Motaze PS,aHNXoYj7uNJ,1100308,ER_P2,2021-05-20,TPT_ineligible,6,TPT Ineligible
ARIEL,Maputo Provincia,Manhiça,3 de Fevereiro PS,rnGH1Q5IyIU,1100415,ER_P2,2021-05-20,TX_CURR,1432,TX_CURR
ARIEL,Maputo Provincia,Manhiça,3 de Fevereiro PS,rnGH1Q5IyIU,1100415,ER_P2,2021-05-20,TX_CURR_TPT_Com,524,TPT Completed
ARIEL,Maputo Provincia,Manhiça,3 de Fevereiro PS,rnGH1Q5IyIU,1100415,ER_P2,2021-05-20,TX_CURR_TB_tto,54,Recent Active TB TX
ARIEL,Maputo Provincia,Manhiça,3 de Fevereiro PS,rnGH1Q5IyIU,1100415,ER_P2,2021-05-20,TX_CURR_TPT_Not_Comp_POS_Screen,2,Recent Pos TB Screen
ARIEL,Maputo Provincia,Manhiça,3 de Fevereiro PS,rnGH1Q5IyIU,1100415,ER_P2,2021-05-20,TX_CURR_W_TPT_last7Mo,50,Actively on TPT
ARIEL,Maputo Provincia,Manhiça,3 de Fevereiro PS,rnGH1Q5IyIU,1100415,ER_P2,2021-05-20,TPT_candidates,802,TPT Candidates
ARIEL,Maputo Provincia,Manhiça,3 de Fevereiro PS,rnGH1Q5IyIU,1100415,ER_P2,2021-05-20,TPT_ineligible,56,TPT Ineligible
ARIEL,Maputo Provincia,Manhiça,Calanga PS,JVHpkK4exDw,1100410,ER_P3,2021-05-20,TX_CURR,468,TX_CURR
ARIEL,Maputo Provincia,Manhiça,Calanga PS,JVHpkK4exDw,1100410,ER_P3,2021-05-20,TX_CURR_TPT_Com,148,TPT Completed
ARIEL,Maputo Provincia,Manhiça,Calanga PS,JVHpkK4exDw,1100410,ER_P3,2021-05-20,TX_CURR_TB_tto,16,Recent Active TB TX
ARIEL,Maputo Provincia,Manhiça,Calanga PS,JVHpkK4exDw,1100410,ER_P3,2021-05-20,TX_CURR_TPT_Not_Comp_POS_Screen,0,Recent Pos TB Screen
ARIEL,Maputo Provincia,Manhiça,Calanga PS,JVHpkK4exDw,1100410,ER_P3,2021-05-20,TX_CURR_W_TPT_last7Mo,20,Actively on TPT
ARIEL,Maputo Provincia,Manhiça,Calanga PS,JVHpkK4exDw,1100410,ER_P3,2021-05-20,TPT_candidates,284,TPT Candidates
ARIEL,Maputo Provincia,Manhiça,Calanga PS,JVHpkK4exDw,1100410,ER_P3,2021-05-20,TPT_ineligible,16,TPT Ineligible
ARIEL,Maputo Provincia,Manhiça,Centro de Saude de Chibucutso,mC01s0xdGEm,1100417,ER_P3,2021-05-20,TX_CURR,388,TX_CURR
ARIEL,Maputo Provincia,Manhiça,Centro de Saude de Chibucutso,mC01s0xdGEm,1100417,ER_P3,2021-05-20,TX_CURR_TPT_Com,123,TPT Completed
ARIEL,Maputo Provincia,Manhiça,Centro de Saude de Chibucutso,mC01s0xdGEm,1100417,ER_P3,2021-05-20,TX_CURR_TB_tto,11,Recent Active TB TX
ARIEL,Maputo Provincia,Manhiça,Centro de Saude de Chibucutso,mC01s0xdGEm,1100417,ER_P3,2021-05-20,TX_CURR_TPT_Not_Comp_POS_Screen,0,Recent Pos TB Screen
ARIEL,Maputo Provincia,Manhiça,Centro de Saude de Chibucutso,mC01s0xdGEm,1100417,ER_P3,2021-05-20,TX_CURR_W_TPT_last7Mo,11,Actively on TPT
ARIEL,Maputo Provincia,Manhiça,Centro de Saude de Chibucutso,mC01s0xdGEm,1100417,ER_P3,2021-05-20,TPT_candidates,243,TPT Candidates
ARIEL,Maputo Provincia,Manhiça,Centro de Saude de Chibucutso,mC01s0xdGEm,1100417,ER_P3,2021-05-20,TPT_ineligible,11,TPT Ineligible
ARIEL,Maputo Provincia,Manhiça,Ilha Josina PS,mnshKO7lVDt,1100414,ER_P2,2021-05-20,TX_CURR,1169,TX_CURR
ARIEL,Maputo Provincia,Manhiça,Ilha Josina PS,mnshKO7lVDt,1100414,ER_P2,2021-05-20,TX_CURR_TPT_Com,447,TPT Completed
ARIEL,Maputo Provincia,Manhiça,Ilha Josina PS,mnshKO7lVDt,1100414,ER_P2,2021-05-20,TX_CURR_TB_tto,63,Recent Active TB TX
ARIEL,Maputo Provincia,Manhiça,Ilha Josina PS,mnshKO7lVDt,1100414,ER_P2,2021-05-20,TX_CURR_TPT_Not_Comp_POS_Screen,2,Recent Pos TB Screen
ARIEL,Maputo Provincia,Manhiça,Ilha Josina PS,mnshKO7lVDt,1100414,ER_P2,2021-05-20,TX_CURR_W_TPT_last7Mo,32,Actively on TPT
ARIEL,Maputo Provincia,Manhiça,Ilha Josina PS,mnshKO7lVDt,1100414,ER_P2,2021-05-20,TPT_candidates,625,TPT Candidates
ARIEL,Maputo Provincia,Manhiça,Ilha Josina PS,mnshKO7lVDt,1100414,ER_P2,2021-05-20,TPT_ineligible,65,TPT Ineligible
ARIEL,Maputo Provincia,Manhiça,Malavela PS,robJRJuEFfM,1100408,ER_P2,2021-05-20,TX_CURR,1270,TX_CURR
ARIEL,Maputo Provincia,Manhiça,Malavela PS,robJRJuEFfM,1100408,ER_P2,2021-05-20,TX_CURR_TPT_Com,621,TPT Completed
ARIEL,Maputo Provincia,Manhiça,Malavela PS,robJRJuEFfM,1100408,ER_P2,2021-05-20,TX_CURR_TB_tto,27,Recent Active TB TX
ARIEL,Maputo Provincia,Manhiça,Malavela PS,robJRJuEFfM,1100408,ER_P2,2021-05-20,TX_CURR_TPT_Not_Comp_POS_Screen,1,Recent Pos TB Screen
ARIEL,Maputo Provincia,Manhiça,Malavela PS,robJRJuEFfM,1100408,ER_P2,2021-05-20,TX_CURR_W_TPT_last7Mo,71,Actively on TPT
ARIEL,Maputo Provincia,Manhiça,Malavela PS,robJRJuEFfM,1100408,ER_P2,2021-05-20,TPT_candidates,550,TPT Candidates
ARIEL,Maputo Provincia,Manhiça,Malavela PS,robJRJuEFfM,1100408,ER_P2,2021-05-20,TPT_ineligible,28,TPT Ineligible
ARIEL,Maputo Provincia,Manhiça,Maluana CS III,i0rzEGmhViY,1100409,ER_P2,2021-05-20,TX_CURR,1724,TX_CURR
ARIEL,Maputo Provincia,Manhiça,Maluana CS III,i0rzEGmhViY,1100409,ER_P2,2021-05-20,TX_CURR_TPT_Com,605,TPT Completed
ARIEL,Maputo Provincia,Manhiça,Maluana CS III,i0rzEGmhViY,1100409,ER_P2,2021-05-20,TX_CURR_TB_tto,44,Recent Active TB TX
ARIEL,Maputo Provincia,Manhiça,Maluana CS III,i0rzEGmhViY,1100409,ER_P2,2021-05-20,TX_CURR_TPT_Not_Comp_POS_Screen,3,Recent Pos TB Screen
ARIEL,Maputo Provincia,Manhiça,Maluana CS III,i0rzEGmhViY,1100409,ER_P2,2021-05-20,TX_CURR_W_TPT_last7Mo,121,Actively on TPT
ARIEL,Maputo Provincia,Manhiça,Maluana CS III,i0rzEGmhViY,1100409,ER_P2,2021-05-20,TPT_candidates,951,TPT Candidates
ARIEL,Maputo Provincia,Manhiça,Maluana CS III,i0rzEGmhViY,1100409,ER_P2,2021-05-20,TPT_ineligible,47,TPT Ineligible
ARIEL,Maputo Provincia,Manhiça,Manhica CS I,Iiwy3Zv7iLb,1100402,ER_P1,2021-05-20,TX_CURR,9742,TX_CURR
ARIEL,Maputo Provincia,Manhiça,Manhica CS I,Iiwy3Zv7iLb,1100402,ER_P1,2021-05-20,TX_CURR_TPT_Com,3012,TPT Completed
ARIEL,Maputo Provincia,Manhiça,Manhica CS I,Iiwy3Zv7iLb,1100402,ER_P1,2021-05-20,TX_CURR_TB_tto,270,Recent Active TB TX
ARIEL,Maputo Provincia,Manhiça,Manhica CS I,Iiwy3Zv7iLb,1100402,ER_P1,2021-05-20,TX_CURR_TPT_Not_Comp_POS_Screen,15,Recent Pos TB Screen
ARIEL,Maputo Provincia,Manhiça,Manhica CS I,Iiwy3Zv7iLb,1100402,ER_P1,2021-05-20,TX_CURR_W_TPT_last7Mo,416,Actively on TPT
ARIEL,Maputo Provincia,Manhiça,Manhica CS I,Iiwy3Zv7iLb,1100402,ER_P1,2021-05-20,TPT_candidates,6029,TPT Candidates
ARIEL,Maputo Provincia,Manhiça,Manhica CS I,Iiwy3Zv7iLb,1100402,ER_P1,2021-05-20,TPT_ineligible,285,TPT Ineligible
ARIEL,Maputo Provincia,Manhiça,Maragra CS,xbJCVaOZWp5,1100406,ER_P1,2021-05-20,TX_CURR,2929,TX_CURR
ARIEL,Maputo Provincia,Manhiça,Maragra CS,xbJCVaOZWp5,1100406,ER_P1,2021-05-20,TX_CURR_TPT_Com,411,TPT Completed
ARIEL,Maputo Provincia,Manhiça,Maragra CS,xbJCVaOZWp5,1100406,ER_P1,2021-05-20,TX_CURR_TB_tto,101,Recent Active TB TX
ARIEL,Maputo Provincia,Manhiça,Maragra CS,xbJCVaOZWp5,1100406,ER_P1,2021-05-20,TX_CURR_TPT_Not_Comp_POS_Screen,2,Recent Pos TB Screen
ARIEL,Maputo Provincia,Manhiça,Maragra CS,xbJCVaOZWp5,1100406,ER_P1,2021-05-20,TX_CURR_W_TPT_last7Mo,115,Actively on TPT
ARIEL,Maputo Provincia,Manhiça,Maragra CS,xbJCVaOZWp5,1100406,ER_P1,2021-05-20,TPT_candidates,2300,TPT Candidates
ARIEL,Maputo Provincia,Manhiça,Maragra CS,xbJCVaOZWp5,1100406,ER_P1,2021-05-20,TPT_ineligible,103,TPT Ineligible
ARIEL,Maputo Provincia,Manhiça,Munguine PS,Qztk8cjmz1e,1100411,ER_P2,2021-05-20,TX_CURR,868,TX_CURR
ARIEL,Maputo Provincia,Manhiça,Munguine PS,Qztk8cjmz1e,1100411,ER_P2,2021-05-20,TX_CURR_TPT_Com,380,TPT Completed
ARIEL,Maputo Provincia,Manhiça,Munguine PS,Qztk8cjmz1e,1100411,ER_P2,2021-05-20,TX_CURR_TB_tto,32,Recent Active TB TX
ARIEL,Maputo Provincia,Manhiça,Munguine PS,Qztk8cjmz1e,1100411,ER_P2,2021-05-20,TX_CURR_TPT_Not_Comp_POS_Screen,5,Recent Pos TB Screen
ARIEL,Maputo Provincia,Manhiça,Munguine PS,Qztk8cjmz1e,1100411,ER_P2,2021-05-20,TX_CURR_W_TPT_last7Mo,55,Actively on TPT
ARIEL,Maputo Provincia,Manhiça,Munguine PS,Qztk8cjmz1e,1100411,ER_P2,2021-05-20,TPT_candidates,396,TPT Candidates
ARIEL,Maputo Provincia,Manhiça,Munguine PS,Qztk8cjmz1e,1100411,ER_P2,2021-05-20,TPT_ineligible,37,TPT Ineligible
ARIEL,Maputo Provincia,Manhiça,Taninga PS,Beu6pmpSDJE,1100412,ER_P2,2021-05-20,TX_CURR,1063,TX_CURR
ARIEL,Maputo Provincia,Manhiça,Taninga PS,Beu6pmpSDJE,1100412,ER_P2,2021-05-20,TX_CURR_TPT_Com,218,TPT Completed
ARIEL,Maputo Provincia,Manhiça,Taninga PS,Beu6pmpSDJE,1100412,ER_P2,2021-05-20,TX_CURR_TB_tto,20,Recent Active TB TX
ARIEL,Maputo Provincia,Manhiça,Taninga PS,Beu6pmpSDJE,1100412,ER_P2,2021-05-20,TX_CURR_TPT_Not_Comp_POS_Screen,0,Recent Pos TB Screen
ARIEL,Maputo Provincia,Manhiça,Taninga PS,Beu6pmpSDJE,1100412,ER_P2,2021-05-20,TX_CURR_W_TPT_last7Mo,45,Actively on TPT
ARIEL,Maputo Provincia,Manhiça,Taninga PS,Beu6pmpSDJE,1100412,ER_P2,2021-05-20,TPT_candidates,780,TPT Candidates
ARIEL,Maputo Provincia,Manhiça,Taninga PS,Beu6pmpSDJE,1100412,ER_P2,2021-05-20,TPT_ineligible,20,TPT Ineligible
ARIEL,Maputo Provincia,Manhiça,Whamatibjana (Palmeira) CS III,bGUeQEEpq7q,1100413,ER_P2,2021-05-20,TX_CURR,2447,TX_CURR
ARIEL,Maputo Provincia,Manhiça,Whamatibjana (Palmeira) CS III,bGUeQEEpq7q,1100413,ER_P2,2021-05-20,TX_CURR_TPT_Com,1338,TPT Completed
ARIEL,Maputo Provincia,Manhiça,Whamatibjana (Palmeira) CS III,bGUeQEEpq7q,1100413,ER_P2,2021-05-20,TX_CURR_TB_tto,85,Recent Active TB TX
ARIEL,Maputo Provincia,Manhiça,Whamatibjana (Palmeira) CS III,bGUeQEEpq7q,1100413,ER_P2,2021-05-20,TX_CURR_TPT_Not_Comp_POS_Screen,5,Recent Pos TB Screen
ARIEL,Maputo Provincia,Manhiça,Whamatibjana (Palmeira) CS III,bGUeQEEpq7q,1100413,ER_P2,2021-05-20,TX_CURR_W_TPT_last7Mo,122,Actively on TPT
ARIEL,Maputo Provincia,Manhiça,Whamatibjana (Palmeira) CS III,bGUeQEEpq7q,1100413,ER_P2,2021-05-20,TPT_candidates,897,TPT Candidates
ARIEL,Maputo Provincia,Manhiça,Whamatibjana (Palmeira) CS III,bGUeQEEpq7q,1100413,ER_P2,2021-05-20,TPT_ineligible,90,TPT Ineligible
ARIEL,Maputo Provincia,Manhiça,Xinavane HR,vzVRv2jtJxL,1100400,ER_P1,2021-05-20,TX_CURR,5147,TX_CURR
ARIEL,Maputo Provincia,Manhiça,Xinavane HR,vzVRv2jtJxL,1100400,ER_P1,2021-05-20,TX_CURR_TPT_Com,3108,TPT Completed
ARIEL,Maputo Provincia,Manhiça,Xinavane HR,vzVRv2jtJxL,1100400,ER_P1,2021-05-20,TX_CURR_TB_tto,108,Recent Active TB TX
ARIEL,Maputo Provincia,Manhiça,Xinavane HR,vzVRv2jtJxL,1100400,ER_P1,2021-05-20,TX_CURR_TPT_Not_Comp_POS_Screen,3,Recent Pos TB Screen
ARIEL,Maputo Provincia,Manhiça,Xinavane HR,vzVRv2jtJxL,1100400,ER_P1,2021-05-20,TX_CURR_W_TPT_last7Mo,167,Actively on TPT
ARIEL,Maputo Provincia,Manhiça,Xinavane HR,vzVRv2jtJxL,1100400,ER_P1,2021-05-20,TPT_candidates,1761,TPT Candidates
ARIEL,Maputo Provincia,Manhiça,Xinavane HR,vzVRv2jtJxL,1100400,ER_P1,2021-05-20,TPT_ineligible,111,TPT Ineligible
ARIEL,Maputo Provincia,Marracuene,Habel Jafar CS,ITafa9GjY9I,1100515,ER_P2,2021-05-20,TX_CURR,2131,TX_CURR
ARIEL,Maputo Provincia,Marracuene,Habel Jafar CS,ITafa9GjY9I,1100515,ER_P2,2021-05-20,TX_CURR_TPT_Com,1036,TPT Completed
ARIEL,Maputo Provincia,Marracuene,Habel Jafar CS,ITafa9GjY9I,1100515,ER_P2,2021-05-20,TX_CURR_TB_tto,153,Recent Active TB TX
ARIEL,Maputo Provincia,Marracuene,Habel Jafar CS,ITafa9GjY9I,1100515,ER_P2,2021-05-20,TX_CURR_TPT_Not_Comp_POS_Screen,10,Recent Pos TB Screen
ARIEL,Maputo Provincia,Marracuene,Habel Jafar CS,ITafa9GjY9I,1100515,ER_P2,2021-05-20,TX_CURR_W_TPT_last7Mo,147,Actively on TPT
ARIEL,Maputo Provincia,Marracuene,Habel Jafar CS,ITafa9GjY9I,1100515,ER_P2,2021-05-20,TPT_candidates,785,TPT Candidates
ARIEL,Maputo Provincia,Marracuene,Habel Jafar CS,ITafa9GjY9I,1100515,ER_P2,2021-05-20,TPT_ineligible,163,TPT Ineligible
ARIEL,Maputo Provincia,Marracuene,Machubo PS,j6UnkDFKZc1,1100508,ER_P3,2021-05-20,TX_CURR,453,TX_CURR
ARIEL,Maputo Provincia,Marracuene,Machubo PS,j6UnkDFKZc1,1100508,ER_P3,2021-05-20,TX_CURR_TPT_Com,116,TPT Completed
ARIEL,Maputo Provincia,Marracuene,Machubo PS,j6UnkDFKZc1,1100508,ER_P3,2021-05-20,TX_CURR_TB_tto,9,Recent Active TB TX
ARIEL,Maputo Provincia,Marracuene,Machubo PS,j6UnkDFKZc1,1100508,ER_P3,2021-05-20,TX_CURR_TPT_Not_Comp_POS_Screen,1,Recent Pos TB Screen
ARIEL,Maputo Provincia,Marracuene,Machubo PS,j6UnkDFKZc1,1100508,ER_P3,2021-05-20,TX_CURR_W_TPT_last7Mo,22,Actively on TPT
ARIEL,Maputo Provincia,Marracuene,Machubo PS,j6UnkDFKZc1,1100508,ER_P3,2021-05-20,TPT_candidates,305,TPT Candidates
ARIEL,Maputo Provincia,Marracuene,Machubo PS,j6UnkDFKZc1,1100508,ER_P3,2021-05-20,TPT_ineligible,10,TPT Ineligible
ARIEL,Maputo Provincia,Marracuene,Mali CS,edLdPyMjbaz,1100514,ER_P2,2021-05-20,TX_CURR,1562,TX_CURR
ARIEL,Maputo Provincia,Marracuene,Mali CS,edLdPyMjbaz,1100514,ER_P2,2021-05-20,TX_CURR_TPT_Com,704,TPT Completed
ARIEL,Maputo Provincia,Marracuene,Mali CS,edLdPyMjbaz,1100514,ER_P2,2021-05-20,TX_CURR_TB_tto,48,Recent Active TB TX
ARIEL,Maputo Provincia,Marracuene,Mali CS,edLdPyMjbaz,1100514,ER_P2,2021-05-20,TX_CURR_TPT_Not_Comp_POS_Screen,6,Recent Pos TB Screen
ARIEL,Maputo Provincia,Marracuene,Mali CS,edLdPyMjbaz,1100514,ER_P2,2021-05-20,TX_CURR_W_TPT_last7Mo,95,Actively on TPT
ARIEL,Maputo Provincia,Marracuene,Mali CS,edLdPyMjbaz,1100514,ER_P2,2021-05-20,TPT_candidates,709,TPT Candidates
ARIEL,Maputo Provincia,Marracuene,Mali CS,edLdPyMjbaz,1100514,ER_P2,2021-05-20,TPT_ineligible,54,TPT Ineligible
ARIEL,Maputo Provincia,Marracuene,Marracuene CS,AcjfpLUXjwt,1100506,ER_P1,2021-05-20,TX_CURR,6956,TX_CURR
ARIEL,Maputo Provincia,Marracuene,Marracuene CS,AcjfpLUXjwt,1100506,ER_P1,2021-05-20,TX_CURR_TPT_Com,3009,TPT Completed
ARIEL,Maputo Provincia,Marracuene,Marracuene CS,AcjfpLUXjwt,1100506,ER_P1,2021-05-20,TX_CURR_TB_tto,131,Recent Active TB TX
ARIEL,Maputo Provincia,Marracuene,Marracuene CS,AcjfpLUXjwt,1100506,ER_P1,2021-05-20,TX_CURR_TPT_Not_Comp_POS_Screen,9,Recent Pos TB Screen
ARIEL,Maputo Provincia,Marracuene,Marracuene CS,AcjfpLUXjwt,1100506,ER_P1,2021-05-20,TX_CURR_W_TPT_last7Mo,434,Actively on TPT
ARIEL,Maputo Provincia,Marracuene,Marracuene CS,AcjfpLUXjwt,1100506,ER_P1,2021-05-20,TPT_candidates,3373,TPT Candidates
ARIEL,Maputo Provincia,Marracuene,Marracuene CS,AcjfpLUXjwt,1100506,ER_P1,2021-05-20,TPT_ineligible,140,TPT Ineligible
ARIEL,Maputo Provincia,Marracuene,Michafutene CS,NIsmtALRuS5,1100509,ER_P2,2021-05-20,TX_CURR,913,TX_CURR
ARIEL,Maputo Provincia,Marracuene,Michafutene CS,NIsmtALRuS5,1100509,ER_P2,2021-05-20,TX_CURR_TPT_Com,339,TPT Completed
ARIEL,Maputo Provincia,Marracuene,Michafutene CS,NIsmtALRuS5,1100509,ER_P2,2021-05-20,TX_CURR_TB_tto,35,Recent Active TB TX
ARIEL,Maputo Provincia,Marracuene,Michafutene CS,NIsmtALRuS5,1100509,ER_P2,2021-05-20,TX_CURR_TPT_Not_Comp_POS_Screen,0,Recent Pos TB Screen
ARIEL,Maputo Provincia,Marracuene,Michafutene CS,NIsmtALRuS5,1100509,ER_P2,2021-05-20,TX_CURR_W_TPT_last7Mo,100,Actively on TPT
ARIEL,Maputo Provincia,Marracuene,Michafutene CS,NIsmtALRuS5,1100509,ER_P2,2021-05-20,TPT_candidates,439,TPT Candidates
ARIEL,Maputo Provincia,Marracuene,Michafutene CS,NIsmtALRuS5,1100509,ER_P2,2021-05-20,TPT_ineligible,35,TPT Ineligible
ARIEL,Maputo Provincia,Marracuene,Mumemo PSA,VfZPt9kXxL9,1100513,ER_P2,2021-05-20,TX_CURR,1716,TX_CURR
ARIEL,Maputo Provincia,Marracuene,Mumemo PSA,VfZPt9kXxL9,1100513,ER_P2,2021-05-20,TX_CURR_TPT_Com,688,TPT Completed
ARIEL,Maputo Provincia,Marracuene,Mumemo PSA,VfZPt9kXxL9,1100513,ER_P2,2021-05-20,TX_CURR_TB_tto,61,Recent Active TB TX
ARIEL,Maputo Provincia,Marracuene,Mumemo PSA,VfZPt9kXxL9,1100513,ER_P2,2021-05-20,TX_CURR_TPT_Not_Comp_POS_Screen,6,Recent Pos TB Screen
ARIEL,Maputo Provincia,Marracuene,Mumemo PSA,VfZPt9kXxL9,1100513,ER_P2,2021-05-20,TX_CURR_W_TPT_last7Mo,87,Actively on TPT
ARIEL,Maputo Provincia,Marracuene,Mumemo PSA,VfZPt9kXxL9,1100513,ER_P2,2021-05-20,TPT_candidates,874,TPT Candidates
ARIEL,Maputo Provincia,Marracuene,Mumemo PSA,VfZPt9kXxL9,1100513,ER_P2,2021-05-20,TPT_ineligible,67,TPT Ineligible
ARIEL,Maputo Provincia,Marracuene,Nhongonhane (Ed.Mondl,LmBKIXa2mSL,1100510,ER_P1,2021-05-20,TX_CURR,2823,TX_CURR
ARIEL,Maputo Provincia,Marracuene,Nhongonhane (Ed.Mondl,LmBKIXa2mSL,1100510,ER_P1,2021-05-20,TX_CURR_TPT_Com,1267,TPT Completed
ARIEL,Maputo Provincia,Marracuene,Nhongonhane (Ed.Mondl,LmBKIXa2mSL,1100510,ER_P1,2021-05-20,TX_CURR_TB_tto,106,Recent Active TB TX
ARIEL,Maputo Provincia,Marracuene,Nhongonhane (Ed.Mondl,LmBKIXa2mSL,1100510,ER_P1,2021-05-20,TX_CURR_TPT_Not_Comp_POS_Screen,5,Recent Pos TB Screen
ARIEL,Maputo Provincia,Marracuene,Nhongonhane (Ed.Mondl,LmBKIXa2mSL,1100510,ER_P1,2021-05-20,TX_CURR_W_TPT_last7Mo,159,Actively on TPT
ARIEL,Maputo Provincia,Marracuene,Nhongonhane (Ed.Mondl,LmBKIXa2mSL,1100510,ER_P1,2021-05-20,TPT_candidates,1286,TPT Candidates
ARIEL,Maputo Provincia,Marracuene,Nhongonhane (Ed.Mondl,LmBKIXa2mSL,1100510,ER_P1,2021-05-20,TPT_ineligible,111,TPT Ineligible
ARIEL,Maputo Provincia,Marracuene,Ricatla PS,jJ1tYGFTuaR,1100511,ER_P2,2021-05-20,TX_CURR,1271,TX_CURR
ARIEL,Maputo Provincia,Marracuene,Ricatla PS,jJ1tYGFTuaR,1100511,ER_P2,2021-05-20,TX_CURR_TPT_Com,405,TPT Completed
ARIEL,Maputo Provincia,Marracuene,Ricatla PS,jJ1tYGFTuaR,1100511,ER_P2,2021-05-20,TX_CURR_TB_tto,36,Recent Active TB TX
ARIEL,Maputo Provincia,Marracuene,Ricatla PS,jJ1tYGFTuaR,1100511,ER_P2,2021-05-20,TX_CURR_TPT_Not_Comp_POS_Screen,3,Recent Pos TB Screen
ARIEL,Maputo Provincia,Marracuene,Ricatla PS,jJ1tYGFTuaR,1100511,ER_P2,2021-05-20,TX_CURR_W_TPT_last7Mo,98,Actively on TPT
ARIEL,Maputo Provincia,Marracuene,Ricatla PS,jJ1tYGFTuaR,1100511,ER_P2,2021-05-20,TPT_candidates,729,TPT Candidates
ARIEL,Maputo Provincia,Marracuene,Ricatla PS,jJ1tYGFTuaR,1100511,ER_P2,2021-05-20,TPT_ineligible,39,TPT Ineligible
ARIEL,Maputo Provincia,Matola,Boquisso PS,fDN9KAuRv2o,1100114,ER_P1,2021-05-20,TX_CURR,3126,TX_CURR
ARIEL,Maputo Provincia,Matola,Boquisso PS,fDN9KAuRv2o,1100114,ER_P1,2021-05-20,TX_CURR_TPT_Com,712,TPT Completed
ARIEL,Maputo Provincia,Matola,Boquisso PS,fDN9KAuRv2o,1100114,ER_P1,2021-05-20,TX_CURR_TB_tto,80,Recent Active TB TX
ARIEL,Maputo Provincia,Matola,Boquisso PS,fDN9KAuRv2o,1100114,ER_P1,2021-05-20,TX_CURR_TPT_Not_Comp_POS_Screen,4,Recent Pos TB Screen
ARIEL,Maputo Provincia,Matola,Boquisso PS,fDN9KAuRv2o,1100114,ER_P1,2021-05-20,TX_CURR_W_TPT_last7Mo,286,Actively on TPT
ARIEL,Maputo Provincia,Matola,Boquisso PS,fDN9KAuRv2o,1100114,ER_P1,2021-05-20,TPT_candidates,2044,TPT Candidates
ARIEL,Maputo Provincia,Matola,Boquisso PS,fDN9KAuRv2o,1100114,ER_P1,2021-05-20,TPT_ineligible,84,TPT Ineligible
ARIEL,Maputo Provincia,Matola,Centro de Saude de Machava-Bedene,IbltT4i4TK6,1100122,ER_P3,2021-05-20,TX_CURR,751,TX_CURR
ARIEL,Maputo Provincia,Matola,Centro de Saude de Machava-Bedene,IbltT4i4TK6,1100122,ER_P3,2021-05-20,TX_CURR_TPT_Com,309,TPT Completed
ARIEL,Maputo Provincia,Matola,Centro de Saude de Machava-Bedene,IbltT4i4TK6,1100122,ER_P3,2021-05-20,TX_CURR_TB_tto,4,Recent Active TB TX
ARIEL,Maputo Provincia,Matola,Centro de Saude de Machava-Bedene,IbltT4i4TK6,1100122,ER_P3,2021-05-20,TX_CURR_TPT_Not_Comp_POS_Screen,0,Recent Pos TB Screen
ARIEL,Maputo Provincia,Matola,Centro de Saude de Machava-Bedene,IbltT4i4TK6,1100122,ER_P3,2021-05-20,TX_CURR_W_TPT_last7Mo,131,Actively on TPT
ARIEL,Maputo Provincia,Matola,Centro de Saude de Machava-Bedene,IbltT4i4TK6,1100122,ER_P3,2021-05-20,TPT_candidates,307,TPT Candidates
ARIEL,Maputo Provincia,Matola,Centro de Saude de Machava-Bedene,IbltT4i4TK6,1100122,ER_P3,2021-05-20,TPT_ineligible,4,TPT Ineligible
ARIEL,Maputo Provincia,Matola,Komgolote PSA,fd5zuIbL3Qd,1100117,ER_P1,2021-05-20,TX_CURR,3263,TX_CURR
ARIEL,Maputo Provincia,Matola,Komgolote PSA,fd5zuIbL3Qd,1100117,ER_P1,2021-05-20,TX_CURR_TPT_Com,1345,TPT Completed
ARIEL,Maputo Provincia,Matola,Komgolote PSA,fd5zuIbL3Qd,1100117,ER_P1,2021-05-20,TX_CURR_TB_tto,106,Recent Active TB TX
ARIEL,Maputo Provincia,Matola,Komgolote PSA,fd5zuIbL3Qd,1100117,ER_P1,2021-05-20,TX_CURR_TPT_Not_Comp_POS_Screen,8,Recent Pos TB Screen
ARIEL,Maputo Provincia,Matola,Komgolote PSA,fd5zuIbL3Qd,1100117,ER_P1,2021-05-20,TX_CURR_W_TPT_last7Mo,248,Actively on TPT
ARIEL,Maputo Provincia,Matola,Komgolote PSA,fd5zuIbL3Qd,1100117,ER_P1,2021-05-20,TPT_candidates,1556,TPT Candidates
ARIEL,Maputo Provincia,Matola,Komgolote PSA,fd5zuIbL3Qd,1100117,ER_P1,2021-05-20,TPT_ineligible,114,TPT Ineligible
ARIEL,Maputo Provincia,Matola,Liberdade CSURB,vf1kkxsjkB1,1100113,ER_P2,2021-05-20,TX_CURR,1935,TX_CURR
ARIEL,Maputo Provincia,Matola,Liberdade CSURB,vf1kkxsjkB1,1100113,ER_P2,2021-05-20,TX_CURR_TPT_Com,1289,TPT Completed
ARIEL,Maputo Provincia,Matola,Liberdade CSURB,vf1kkxsjkB1,1100113,ER_P2,2021-05-20,TX_CURR_TB_tto,42,Recent Active TB TX
ARIEL,Maputo Provincia,Matola,Liberdade CSURB,vf1kkxsjkB1,1100113,ER_P2,2021-05-20,TX_CURR_TPT_Not_Comp_POS_Screen,0,Recent Pos TB Screen
ARIEL,Maputo Provincia,Matola,Liberdade CSURB,vf1kkxsjkB1,1100113,ER_P2,2021-05-20,TX_CURR_W_TPT_last7Mo,157,Actively on TPT
ARIEL,Maputo Provincia,Matola,Liberdade CSURB,vf1kkxsjkB1,1100113,ER_P2,2021-05-20,TPT_candidates,447,TPT Candidates
ARIEL,Maputo Provincia,Matola,Liberdade CSURB,vf1kkxsjkB1,1100113,ER_P2,2021-05-20,TPT_ineligible,42,TPT Ineligible
ARIEL,Maputo Provincia,Matola,Machava HG,GMWgNQ8JB1r,1100100,ER_P1,2021-05-20,TX_CURR,3154,TX_CURR
ARIEL,Maputo Provincia,Matola,Machava HG,GMWgNQ8JB1r,1100100,ER_P1,2021-05-20,TX_CURR_TPT_Com,1918,TPT Completed
ARIEL,Maputo Provincia,Matola,Machava HG,GMWgNQ8JB1r,1100100,ER_P1,2021-05-20,TX_CURR_TB_tto,15,Recent Active TB TX
ARIEL,Maputo Provincia,Matola,Machava HG,GMWgNQ8JB1r,1100100,ER_P1,2021-05-20,TX_CURR_TPT_Not_Comp_POS_Screen,3,Recent Pos TB Screen
ARIEL,Maputo Provincia,Matola,Machava HG,GMWgNQ8JB1r,1100100,ER_P1,2021-05-20,TX_CURR_W_TPT_last7Mo,116,Actively on TPT
ARIEL,Maputo Provincia,Matola,Machava HG,GMWgNQ8JB1r,1100100,ER_P1,2021-05-20,TPT_candidates,1102,TPT Candidates
ARIEL,Maputo Provincia,Matola,Machava HG,GMWgNQ8JB1r,1100100,ER_P1,2021-05-20,TPT_ineligible,18,TPT Ineligible
ARIEL,Maputo Provincia,Matola,Machava II CS,WFApCUf18Lp,1100107,ER_P1,2021-05-20,TX_CURR,11640,TX_CURR
ARIEL,Maputo Provincia,Matola,Machava II CS,WFApCUf18Lp,1100107,ER_P1,2021-05-20,TX_CURR_TPT_Com,4280,TPT Completed
ARIEL,Maputo Provincia,Matola,Machava II CS,WFApCUf18Lp,1100107,ER_P1,2021-05-20,TX_CURR_TB_tto,411,Recent Active TB TX
ARIEL,Maputo Provincia,Matola,Machava II CS,WFApCUf18Lp,1100107,ER_P1,2021-05-20,TX_CURR_TPT_Not_Comp_POS_Screen,17,Recent Pos TB Screen
ARIEL,Maputo Provincia,Matola,Machava II CS,WFApCUf18Lp,1100107,ER_P1,2021-05-20,TX_CURR_W_TPT_last7Mo,1565,Actively on TPT
ARIEL,Maputo Provincia,Matola,Machava II CS,WFApCUf18Lp,1100107,ER_P1,2021-05-20,TPT_candidates,5367,TPT Candidates
ARIEL,Maputo Provincia,Matola,Machava II CS,WFApCUf18Lp,1100107,ER_P1,2021-05-20,TPT_ineligible,428,TPT Ineligible
ARIEL,Maputo Provincia,Matola,Matola Gare PS,kGE4jAoYn5L,1100108,ER_P1,2021-05-20,TX_CURR,6078,TX_CURR
ARIEL,Maputo Provincia,Matola,Matola Gare PS,kGE4jAoYn5L,1100108,ER_P1,2021-05-20,TX_CURR_TPT_Com,1456,TPT Completed
ARIEL,Maputo Provincia,Matola,Matola Gare PS,kGE4jAoYn5L,1100108,ER_P1,2021-05-20,TX_CURR_TB_tto,199,Recent Active TB TX
ARIEL,Maputo Provincia,Matola,Matola Gare PS,kGE4jAoYn5L,1100108,ER_P1,2021-05-20,TX_CURR_TPT_Not_Comp_POS_Screen,8,Recent Pos TB Screen
ARIEL,Maputo Provincia,Matola,Matola Gare PS,kGE4jAoYn5L,1100108,ER_P1,2021-05-20,TX_CURR_W_TPT_last7Mo,581,Actively on TPT
ARIEL,Maputo Provincia,Matola,Matola Gare PS,kGE4jAoYn5L,1100108,ER_P1,2021-05-20,TPT_candidates,3834,TPT Candidates
ARIEL,Maputo Provincia,Matola,Matola Gare PS,kGE4jAoYn5L,1100108,ER_P1,2021-05-20,TPT_ineligible,207,TPT Ineligible
ARIEL,Maputo Provincia,Matola,Matola I CSURB,dEoQWkLavTj,1100110,ER_P1,2021-05-20,TX_CURR,7674,TX_CURR
ARIEL,Maputo Provincia,Matola,Matola I CSURB,dEoQWkLavTj,1100110,ER_P1,2021-05-20,TX_CURR_TPT_Com,3121,TPT Completed
ARIEL,Maputo Provincia,Matola,Matola I CSURB,dEoQWkLavTj,1100110,ER_P1,2021-05-20,TX_CURR_TB_tto,202,Recent Active TB TX
ARIEL,Maputo Provincia,Matola,Matola I CSURB,dEoQWkLavTj,1100110,ER_P1,2021-05-20,TX_CURR_TPT_Not_Comp_POS_Screen,17,Recent Pos TB Screen
ARIEL,Maputo Provincia,Matola,Matola I CSURB,dEoQWkLavTj,1100110,ER_P1,2021-05-20,TX_CURR_W_TPT_last7Mo,496,Actively on TPT
ARIEL,Maputo Provincia,Matola,Matola I CSURB,dEoQWkLavTj,1100110,ER_P1,2021-05-20,TPT_candidates,3838,TPT Candidates
ARIEL,Maputo Provincia,Matola,Matola I CSURB,dEoQWkLavTj,1100110,ER_P1,2021-05-20,TPT_ineligible,219,TPT Ineligible
ARIEL,Maputo Provincia,Matola,Matola II CS III,JnJtmnGCY95,1100106,ER_P1,2021-05-20,TX_CURR,8639,TX_CURR
ARIEL,Maputo Provincia,Matola,Matola II CS III,JnJtmnGCY95,1100106,ER_P1,2021-05-20,TX_CURR_TPT_Com,3063,TPT Completed
ARIEL,Maputo Provincia,Matola,Matola II CS III,JnJtmnGCY95,1100106,ER_P1,2021-05-20,TX_CURR_TB_tto,172,Recent Active TB TX
ARIEL,Maputo Provincia,Matola,Matola II CS III,JnJtmnGCY95,1100106,ER_P1,2021-05-20,TX_CURR_TPT_Not_Comp_POS_Screen,7,Recent Pos TB Screen
ARIEL,Maputo Provincia,Matola,Matola II CS III,JnJtmnGCY95,1100106,ER_P1,2021-05-20,TX_CURR_W_TPT_last7Mo,571,Actively on TPT
ARIEL,Maputo Provincia,Matola,Matola II CS III,JnJtmnGCY95,1100106,ER_P1,2021-05-20,TPT_candidates,4826,TPT Candidates
ARIEL,Maputo Provincia,Matola,Matola II CS III,JnJtmnGCY95,1100106,ER_P1,2021-05-20,TPT_ineligible,179,TPT Ineligible
ARIEL,Maputo Provincia,Matola,Muhalaze CS,pl8h1HdqpFW,1100125,ER_P1,2021-05-20,TX_CURR,3344,TX_CURR
ARIEL,Maputo Provincia,Matola,Muhalaze CS,pl8h1HdqpFW,1100125,ER_P1,2021-05-20,TX_CURR_TPT_Com,1331,TPT Completed
ARIEL,Maputo Provincia,Matola,Muhalaze CS,pl8h1HdqpFW,1100125,ER_P1,2021-05-20,TX_CURR_TB_tto,65,Recent Active TB TX
ARIEL,Maputo Provincia,Matola,Muhalaze CS,pl8h1HdqpFW,1100125,ER_P1,2021-05-20,TX_CURR_TPT_Not_Comp_POS_Screen,2,Recent Pos TB Screen
ARIEL,Maputo Provincia,Matola,Muhalaze CS,pl8h1HdqpFW,1100125,ER_P1,2021-05-20,TX_CURR_W_TPT_last7Mo,281,Actively on TPT
ARIEL,Maputo Provincia,Matola,Muhalaze CS,pl8h1HdqpFW,1100125,ER_P1,2021-05-20,TPT_candidates,1665,TPT Candidates
ARIEL,Maputo Provincia,Matola,Muhalaze CS,pl8h1HdqpFW,1100125,ER_P1,2021-05-20,TPT_ineligible,67,TPT Ineligible
ARIEL,Maputo Provincia,Matola,Ndlavela PSA,Ywm8eA9tZHe,1100109,ER_P1,2021-05-20,TX_CURR,11536,TX_CURR
ARIEL,Maputo Provincia,Matola,Ndlavela PSA,Ywm8eA9tZHe,1100109,ER_P1,2021-05-20,TX_CURR_TPT_Com,3720,TPT Completed
ARIEL,Maputo Provincia,Matola,Ndlavela PSA,Ywm8eA9tZHe,1100109,ER_P1,2021-05-20,TX_CURR_TB_tto,338,Recent Active TB TX
ARIEL,Maputo Provincia,Matola,Ndlavela PSA,Ywm8eA9tZHe,1100109,ER_P1,2021-05-20,TX_CURR_TPT_Not_Comp_POS_Screen,11,Recent Pos TB Screen
ARIEL,Maputo Provincia,Matola,Ndlavela PSA,Ywm8eA9tZHe,1100109,ER_P1,2021-05-20,TX_CURR_W_TPT_last7Mo,714,Actively on TPT
ARIEL,Maputo Provincia,Matola,Ndlavela PSA,Ywm8eA9tZHe,1100109,ER_P1,2021-05-20,TPT_candidates,6753,TPT Candidates
ARIEL,Maputo Provincia,Matola,Ndlavela PSA,Ywm8eA9tZHe,1100109,ER_P1,2021-05-20,TPT_ineligible,349,TPT Ineligible
ARIEL,Maputo Provincia,Matola,São Damanso CS II,YWbmL6VK8R6,1100111,ER_P2,2021-05-20,TX_CURR,2590,TX_CURR
ARIEL,Maputo Provincia,Matola,São Damanso CS II,YWbmL6VK8R6,1100111,ER_P2,2021-05-20,TX_CURR_TPT_Com,1316,TPT Completed
ARIEL,Maputo Provincia,Matola,São Damanso CS II,YWbmL6VK8R6,1100111,ER_P2,2021-05-20,TX_CURR_TB_tto,101,Recent Active TB TX
ARIEL,Maputo Provincia,Matola,São Damanso CS II,YWbmL6VK8R6,1100111,ER_P2,2021-05-20,TX_CURR_TPT_Not_Comp_POS_Screen,3,Recent Pos TB Screen
ARIEL,Maputo Provincia,Matola,São Damanso CS II,YWbmL6VK8R6,1100111,ER_P2,2021-05-20,TX_CURR_W_TPT_last7Mo,274,Actively on TPT
ARIEL,Maputo Provincia,Matola,São Damanso CS II,YWbmL6VK8R6,1100111,ER_P2,2021-05-20,TPT_candidates,896,TPT Candidates
ARIEL,Maputo Provincia,Matola,São Damanso CS II,YWbmL6VK8R6,1100111,ER_P2,2021-05-20,TPT_ineligible,104,TPT Ineligible
ARIEL,Maputo Provincia,Matola,Tsalala CS,MXHQSQfyHl2,1100167,ER_P1,2021-05-20,TX_CURR,2901,TX_CURR
ARIEL,Maputo Provincia,Matola,Tsalala CS,MXHQSQfyHl2,1100167,ER_P1,2021-05-20,TX_CURR_TPT_Com,1633,TPT Completed
ARIEL,Maputo Provincia,Matola,Tsalala CS,MXHQSQfyHl2,1100167,ER_P1,2021-05-20,TX_CURR_TB_tto,63,Recent Active TB TX
ARIEL,Maputo Provincia,Matola,Tsalala CS,MXHQSQfyHl2,1100167,ER_P1,2021-05-20,TX_CURR_TPT_Not_Comp_POS_Screen,4,Recent Pos TB Screen
ARIEL,Maputo Provincia,Matola,Tsalala CS,MXHQSQfyHl2,1100167,ER_P1,2021-05-20,TX_CURR_W_TPT_last7Mo,236,Actively on TPT
ARIEL,Maputo Provincia,Matola,Tsalala CS,MXHQSQfyHl2,1100167,ER_P1,2021-05-20,TPT_candidates,965,TPT Candidates
ARIEL,Maputo Provincia,Matola,Tsalala CS,MXHQSQfyHl2,1100167,ER_P1,2021-05-20,TPT_ineligible,67,TPT Ineligible
ARIEL,Maputo Provincia,Matola,Unidade A PS,As7tGowP84e,1100118,ER_P2,2021-05-20,TX_CURR,1116,TX_CURR
ARIEL,Maputo Provincia,Matola,Unidade A PS,As7tGowP84e,1100118,ER_P2,2021-05-20,TX_CURR_TPT_Com,779,TPT Completed
ARIEL,Maputo Provincia,Matola,Unidade A PS,As7tGowP84e,1100118,ER_P2,2021-05-20,TX_CURR_TB_tto,16,Recent Active TB TX
ARIEL,Maputo Provincia,Matola,Unidade A PS,As7tGowP84e,1100118,ER_P2,2021-05-20,TX_CURR_TPT_Not_Comp_POS_Screen,2,Recent Pos TB Screen
ARIEL,Maputo Provincia,Matola,Unidade A PS,As7tGowP84e,1100118,ER_P2,2021-05-20,TX_CURR_W_TPT_last7Mo,163,Actively on TPT
ARIEL,Maputo Provincia,Matola,Unidade A PS,As7tGowP84e,1100118,ER_P2,2021-05-20,TPT_candidates,156,TPT Candidates
ARIEL,Maputo Provincia,Matola,Unidade A PS,As7tGowP84e,1100118,ER_P2,2021-05-20,TPT_ineligible,18,TPT Ineligible
ARIEL,Maputo Provincia,Matutuine,Matutúine CS I,iwrIeTg1XFz,1100607,ER_P2,2021-05-20,TX_CURR,1379,TX_CURR
ARIEL,Maputo Provincia,Matutuine,Matutúine CS I,iwrIeTg1XFz,1100607,ER_P2,2021-05-20,TX_CURR_TPT_Com,888,TPT Completed
ARIEL,Maputo Provincia,Matutuine,Matutúine CS I,iwrIeTg1XFz,1100607,ER_P2,2021-05-20,TX_CURR_TB_tto,22,Recent Active TB TX
ARIEL,Maputo Provincia,Matutuine,Matutúine CS I,iwrIeTg1XFz,1100607,ER_P2,2021-05-20,TX_CURR_TPT_Not_Comp_POS_Screen,1,Recent Pos TB Screen
ARIEL,Maputo Provincia,Matutuine,Matutúine CS I,iwrIeTg1XFz,1100607,ER_P2,2021-05-20,TX_CURR_W_TPT_last7Mo,135,Actively on TPT
ARIEL,Maputo Provincia,Matutuine,Matutúine CS I,iwrIeTg1XFz,1100607,ER_P2,2021-05-20,TPT_candidates,333,TPT Candidates
ARIEL,Maputo Provincia,Matutuine,Matutúine CS I,iwrIeTg1XFz,1100607,ER_P2,2021-05-20,TPT_ineligible,23,TPT Ineligible
ARIEL,Maputo Provincia,Matutuine,Ponta de Ouro PS,UIyI4hkq7Bx,1100611,ER_P2,2021-05-20,TX_CURR,1068,TX_CURR
ARIEL,Maputo Provincia,Matutuine,Ponta de Ouro PS,UIyI4hkq7Bx,1100611,ER_P2,2021-05-20,TX_CURR_TPT_Com,502,TPT Completed
ARIEL,Maputo Provincia,Matutuine,Ponta de Ouro PS,UIyI4hkq7Bx,1100611,ER_P2,2021-05-20,TX_CURR_TB_tto,16,Recent Active TB TX
ARIEL,Maputo Provincia,Matutuine,Ponta de Ouro PS,UIyI4hkq7Bx,1100611,ER_P2,2021-05-20,TX_CURR_TPT_Not_Comp_POS_Screen,2,Recent Pos TB Screen
ARIEL,Maputo Provincia,Matutuine,Ponta de Ouro PS,UIyI4hkq7Bx,1100611,ER_P2,2021-05-20,TX_CURR_W_TPT_last7Mo,69,Actively on TPT
ARIEL,Maputo Provincia,Matutuine,Ponta de Ouro PS,UIyI4hkq7Bx,1100611,ER_P2,2021-05-20,TPT_candidates,479,TPT Candidates
ARIEL,Maputo Provincia,Matutuine,Ponta de Ouro PS,UIyI4hkq7Bx,1100611,ER_P2,2021-05-20,TPT_ineligible,18,TPT Ineligible
ARIEL,Maputo Provincia,Matutuine,Salamanga PS,qeBFicifeNz,1100612,ER_P3,2021-05-20,TX_CURR,441,TX_CURR
ARIEL,Maputo Provincia,Matutuine,Salamanga PS,qeBFicifeNz,1100612,ER_P3,2021-05-20,TX_CURR_TPT_Com,404,TPT Completed
ARIEL,Maputo Provincia,Matutuine,Salamanga PS,qeBFicifeNz,1100612,ER_P3,2021-05-20,TX_CURR_TB_tto,3,Recent Active TB TX
ARIEL,Maputo Provincia,Matutuine,Salamanga PS,qeBFicifeNz,1100612,ER_P3,2021-05-20,TX_CURR_TPT_Not_Comp_POS_Screen,1,Recent Pos TB Screen
ARIEL,Maputo Provincia,Matutuine,Salamanga PS,qeBFicifeNz,1100612,ER_P3,2021-05-20,TX_CURR_W_TPT_last7Mo,31,Actively on TPT
ARIEL,Maputo Provincia,Matutuine,Salamanga PS,qeBFicifeNz,1100612,ER_P3,2021-05-20,TPT_candidates,2,TPT Candidates
ARIEL,Maputo Provincia,Matutuine,Salamanga PS,qeBFicifeNz,1100612,ER_P3,2021-05-20,TPT_ineligible,4,TPT Ineligible
ARIEL,Maputo Provincia,Moamba,Centro de Saude de Corrumane,sRbFOoSk7qZ,1100708,ER_P2,2021-05-20,TX_CURR,633,TX_CURR
ARIEL,Maputo Provincia,Moamba,Centro de Saude de Corrumane,sRbFOoSk7qZ,1100708,ER_P2,2021-05-20,TX_CURR_TPT_Com,229,TPT Completed
ARIEL,Maputo Provincia,Moamba,Centro de Saude de Corrumane,sRbFOoSk7qZ,1100708,ER_P2,2021-05-20,TX_CURR_TB_tto,9,Recent Active TB TX
ARIEL,Maputo Provincia,Moamba,Centro de Saude de Corrumane,sRbFOoSk7qZ,1100708,ER_P2,2021-05-20,TX_CURR_TPT_Not_Comp_POS_Screen,1,Recent Pos TB Screen
ARIEL,Maputo Provincia,Moamba,Centro de Saude de Corrumane,sRbFOoSk7qZ,1100708,ER_P2,2021-05-20,TX_CURR_W_TPT_last7Mo,74,Actively on TPT
ARIEL,Maputo Provincia,Moamba,Centro de Saude de Corrumane,sRbFOoSk7qZ,1100708,ER_P2,2021-05-20,TPT_candidates,320,TPT Candidates
ARIEL,Maputo Provincia,Moamba,Centro de Saude de Corrumane,sRbFOoSk7qZ,1100708,ER_P2,2021-05-20,TPT_ineligible,10,TPT Ineligible
ARIEL,Maputo Provincia,Moamba,Mahulane PS,N3LQS3eat8p,1100712,ER_P3,2021-05-20,TX_CURR,605,TX_CURR
ARIEL,Maputo Provincia,Moamba,Mahulane PS,N3LQS3eat8p,1100712,ER_P3,2021-05-20,TX_CURR_TPT_Com,188,TPT Completed
ARIEL,Maputo Provincia,Moamba,Mahulane PS,N3LQS3eat8p,1100712,ER_P3,2021-05-20,TX_CURR_TB_tto,20,Recent Active TB TX
ARIEL,Maputo Provincia,Moamba,Mahulane PS,N3LQS3eat8p,1100712,ER_P3,2021-05-20,TX_CURR_TPT_Not_Comp_POS_Screen,1,Recent Pos TB Screen
ARIEL,Maputo Provincia,Moamba,Mahulane PS,N3LQS3eat8p,1100712,ER_P3,2021-05-20,TX_CURR_W_TPT_last7Mo,82,Actively on TPT
ARIEL,Maputo Provincia,Moamba,Mahulane PS,N3LQS3eat8p,1100712,ER_P3,2021-05-20,TPT_candidates,314,TPT Candidates
ARIEL,Maputo Provincia,Moamba,Mahulane PS,N3LQS3eat8p,1100712,ER_P3,2021-05-20,TPT_ineligible,21,TPT Ineligible
ARIEL,Maputo Provincia,Moamba,Moamba CS,vzGc2nPWraO,1100706,ER_P1,2021-05-20,TX_CURR,3363,TX_CURR
ARIEL,Maputo Provincia,Moamba,Moamba CS,vzGc2nPWraO,1100706,ER_P1,2021-05-20,TX_CURR_TPT_Com,1535,TPT Completed
ARIEL,Maputo Provincia,Moamba,Moamba CS,vzGc2nPWraO,1100706,ER_P1,2021-05-20,TX_CURR_TB_tto,54,Recent Active TB TX
ARIEL,Maputo Provincia,Moamba,Moamba CS,vzGc2nPWraO,1100706,ER_P1,2021-05-20,TX_CURR_TPT_Not_Comp_POS_Screen,26,Recent Pos TB Screen
ARIEL,Maputo Provincia,Moamba,Moamba CS,vzGc2nPWraO,1100706,ER_P1,2021-05-20,TX_CURR_W_TPT_last7Mo,209,Actively on TPT
ARIEL,Maputo Provincia,Moamba,Moamba CS,vzGc2nPWraO,1100706,ER_P1,2021-05-20,TPT_candidates,1539,TPT Candidates
ARIEL,Maputo Provincia,Moamba,Moamba CS,vzGc2nPWraO,1100706,ER_P1,2021-05-20,TPT_ineligible,80,TPT Ineligible
ARIEL,Maputo Provincia,Moamba,Ressano Garcia CS II,cjoj6MxgfxE,1100707,ER_P2,2021-05-20,TX_CURR,1846,TX_CURR
ARIEL,Maputo Provincia,Moamba,Ressano Garcia CS II,cjoj6MxgfxE,1100707,ER_P2,2021-05-20,TX_CURR_TPT_Com,1151,TPT Completed
ARIEL,Maputo Provincia,Moamba,Ressano Garcia CS II,cjoj6MxgfxE,1100707,ER_P2,2021-05-20,TX_CURR_TB_tto,36,Recent Active TB TX
ARIEL,Maputo Provincia,Moamba,Ressano Garcia CS II,cjoj6MxgfxE,1100707,ER_P2,2021-05-20,TX_CURR_TPT_Not_Comp_POS_Screen,0,Recent Pos TB Screen
ARIEL,Maputo Provincia,Moamba,Ressano Garcia CS II,cjoj6MxgfxE,1100707,ER_P2,2021-05-20,TX_CURR_W_TPT_last7Mo,116,Actively on TPT
ARIEL,Maputo Provincia,Moamba,Ressano Garcia CS II,cjoj6MxgfxE,1100707,ER_P2,2021-05-20,TPT_candidates,543,TPT Candidates
ARIEL,Maputo Provincia,Moamba,Ressano Garcia CS II,cjoj6MxgfxE,1100707,ER_P2,2021-05-20,TPT_ineligible,36,TPT Ineligible
ARIEL,Maputo Provincia,Moamba,Sabié PS,p3T3oB4tfNN,1100709,ER_P2,2021-05-20,TX_CURR,973,TX_CURR
ARIEL,Maputo Provincia,Moamba,Sabié PS,p3T3oB4tfNN,1100709,ER_P2,2021-05-20,TX_CURR_TPT_Com,696,TPT Completed
ARIEL,Maputo Provincia,Moamba,Sabié PS,p3T3oB4tfNN,1100709,ER_P2,2021-05-20,TX_CURR_TB_tto,11,Recent Active TB TX
ARIEL,Maputo Provincia,Moamba,Sabié PS,p3T3oB4tfNN,1100709,ER_P2,2021-05-20,TX_CURR_TPT_Not_Comp_POS_Screen,0,Recent Pos TB Screen
ARIEL,Maputo Provincia,Moamba,Sabié PS,p3T3oB4tfNN,1100709,ER_P2,2021-05-20,TX_CURR_W_TPT_last7Mo,48,Actively on TPT
ARIEL,Maputo Provincia,Moamba,Sabié PS,p3T3oB4tfNN,1100709,ER_P2,2021-05-20,TPT_candidates,218,TPT Candidates
ARIEL,Maputo Provincia,Moamba,Sabié PS,p3T3oB4tfNN,1100709,ER_P2,2021-05-20,TPT_ineligible,11,TPT Ineligible
ARIEL,Maputo Provincia,Moamba,Tenga PS,RWvmueaioAl,1100710,ER_P2,2021-05-20,TX_CURR,1258,TX_CURR
ARIEL,Maputo Provincia,Moamba,Tenga PS,RWvmueaioAl,1100710,ER_P2,2021-05-20,TX_CURR_TPT_Com,504,TPT Completed
ARIEL,Maputo Provincia,Moamba,Tenga PS,RWvmueaioAl,1100710,ER_P2,2021-05-20,TX_CURR_TB_tto,42,Recent Active TB TX
ARIEL,Maputo Provincia,Moamba,Tenga PS,RWvmueaioAl,1100710,ER_P2,2021-05-20,TX_CURR_TPT_Not_Comp_POS_Screen,1,Recent Pos TB Screen
ARIEL,Maputo Provincia,Moamba,Tenga PS,RWvmueaioAl,1100710,ER_P2,2021-05-20,TX_CURR_W_TPT_last7Mo,119,Actively on TPT
ARIEL,Maputo Provincia,Moamba,Tenga PS,RWvmueaioAl,1100710,ER_P2,2021-05-20,TPT_candidates,592,TPT Candidates
ARIEL,Maputo Provincia,Moamba,Tenga PS,RWvmueaioAl,1100710,ER_P2,2021-05-20,TPT_ineligible,43,TPT Ineligible
ARIEL,Maputo Provincia,Namaacha,Goba PS,iHIs3hIFf0i,1100808,ER_P3,2021-05-20,TX_CURR,453,TX_CURR
ARIEL,Maputo Provincia,Namaacha,Goba PS,iHIs3hIFf0i,1100808,ER_P3,2021-05-20,TX_CURR_TPT_Com,170,TPT Completed
ARIEL,Maputo Provincia,Namaacha,Goba PS,iHIs3hIFf0i,1100808,ER_P3,2021-05-20,TX_CURR_TB_tto,6,Recent Active TB TX
ARIEL,Maputo Provincia,Namaacha,Goba PS,iHIs3hIFf0i,1100808,ER_P3,2021-05-20,TX_CURR_TPT_Not_Comp_POS_Screen,0,Recent Pos TB Screen
ARIEL,Maputo Provincia,Namaacha,Goba PS,iHIs3hIFf0i,1100808,ER_P3,2021-05-20,TX_CURR_W_TPT_last7Mo,32,Actively on TPT
ARIEL,Maputo Provincia,Namaacha,Goba PS,iHIs3hIFf0i,1100808,ER_P3,2021-05-20,TPT_candidates,245,TPT Candidates
ARIEL,Maputo Provincia,Namaacha,Goba PS,iHIs3hIFf0i,1100808,ER_P3,2021-05-20,TPT_ineligible,6,TPT Ineligible
ARIEL,Maputo Provincia,Namaacha,"Mafuiane PS (Maputo, Namaacha)",OQ3BQRswMx7,1100811,ER_P2,2021-05-20,TX_CURR,851,TX_CURR
ARIEL,Maputo Provincia,Namaacha,"Mafuiane PS (Maputo, Namaacha)",OQ3BQRswMx7,1100811,ER_P2,2021-05-20,TX_CURR_TPT_Com,276,TPT Completed
ARIEL,Maputo Provincia,Namaacha,"Mafuiane PS (Maputo, Namaacha)",OQ3BQRswMx7,1100811,ER_P2,2021-05-20,TX_CURR_TB_tto,31,Recent Active TB TX
ARIEL,Maputo Provincia,Namaacha,"Mafuiane PS (Maputo, Namaacha)",OQ3BQRswMx7,1100811,ER_P2,2021-05-20,TX_CURR_TPT_Not_Comp_POS_Screen,5,Recent Pos TB Screen
ARIEL,Maputo Provincia,Namaacha,"Mafuiane PS (Maputo, Namaacha)",OQ3BQRswMx7,1100811,ER_P2,2021-05-20,TX_CURR_W_TPT_last7Mo,57,Actively on TPT
ARIEL,Maputo Provincia,Namaacha,"Mafuiane PS (Maputo, Namaacha)",OQ3BQRswMx7,1100811,ER_P2,2021-05-20,TPT_candidates,482,TPT Candidates
ARIEL,Maputo Provincia,Namaacha,"Mafuiane PS (Maputo, Namaacha)",OQ3BQRswMx7,1100811,ER_P2,2021-05-20,TPT_ineligible,36,TPT Ineligible
ARIEL,Maputo Provincia,Namaacha,Mahelane PS,Vah8YYh5HI5,1100810,ER_P3,2021-05-20,TX_CURR,498,TX_CURR
ARIEL,Maputo Provincia,Namaacha,Mahelane PS,Vah8YYh5HI5,1100810,ER_P3,2021-05-20,TX_CURR_TPT_Com,493,TPT Completed
ARIEL,Maputo Provincia,Namaacha,Mahelane PS,Vah8YYh5HI5,1100810,ER_P3,2021-05-20,TX_CURR_TB_tto,294,Recent Active TB TX
ARIEL,Maputo Provincia,Namaacha,Mahelane PS,Vah8YYh5HI5,1100810,ER_P3,2021-05-20,TX_CURR_TPT_Not_Comp_POS_Screen,27,Recent Pos TB Screen
ARIEL,Maputo Provincia,Namaacha,Mahelane PS,Vah8YYh5HI5,1100810,ER_P3,2021-05-20,TX_CURR_W_TPT_last7Mo,266,Actively on TPT
ARIEL,Maputo Provincia,Namaacha,Mahelane PS,Vah8YYh5HI5,1100810,ER_P3,2021-05-20,TPT_candidates,-582,TPT Candidates
ARIEL,Maputo Provincia,Namaacha,Mahelane PS,Vah8YYh5HI5,1100810,ER_P3,2021-05-20,TPT_ineligible,321,TPT Ineligible
ARIEL,Maputo Provincia,Namaacha,Namaacha CS I,DJIgnE1QQbB,1100806,ER_P2,2021-05-20,TX_CURR,2116,TX_CURR
ARIEL,Maputo Provincia,Namaacha,Namaacha CS I,DJIgnE1QQbB,1100806,ER_P2,2021-05-20,TX_CURR_TPT_Com,500,TPT Completed
ARIEL,Maputo Provincia,Namaacha,Namaacha CS I,DJIgnE1QQbB,1100806,ER_P2,2021-05-20,TX_CURR_TB_tto,104,Recent Active TB TX
ARIEL,Maputo Provincia,Namaacha,Namaacha CS I,DJIgnE1QQbB,1100806,ER_P2,2021-05-20,TX_CURR_TPT_Not_Comp_POS_Screen,0,Recent Pos TB Screen
ARIEL,Maputo Provincia,Namaacha,Namaacha CS I,DJIgnE1QQbB,1100806,ER_P2,2021-05-20,TX_CURR_W_TPT_last7Mo,111,Actively on TPT
ARIEL,Maputo Provincia,Namaacha,Namaacha CS I,DJIgnE1QQbB,1100806,ER_P2,2021-05-20,TPT_candidates,1401,TPT Candidates
ARIEL,Maputo Provincia,Namaacha,Namaacha CS I,DJIgnE1QQbB,1100806,ER_P2,2021-05-20,TPT_ineligible,104,TPT Ineligible
CCS,Cidade De Maputo,Kamavota,1º de Junho CS,wXnoTA2MDy9,1110406,ER_P1,2021-05-20,TX_CURR,8044,TX_CURR
CCS,Cidade De Maputo,Kamavota,1º de Junho CS,wXnoTA2MDy9,1110406,ER_P1,2021-05-20,TX_CURR_TPT_Com,2325,TPT Completed
CCS,Cidade De Maputo,Kamavota,1º de Junho CS,wXnoTA2MDy9,1110406,ER_P1,2021-05-20,TX_CURR_TB_tto,236,Recent Active TB TX
CCS,Cidade De Maputo,Kamavota,1º de Junho CS,wXnoTA2MDy9,1110406,ER_P1,2021-05-20,TX_CURR_TPT_Not_Comp_POS_Screen,2,Recent Pos TB Screen
CCS,Cidade De Maputo,Kamavota,1º de Junho CS,wXnoTA2MDy9,1110406,ER_P1,2021-05-20,TX_CURR_W_TPT_last7Mo,1115,Actively on TPT
CCS,Cidade De Maputo,Kamavota,1º de Junho CS,wXnoTA2MDy9,1110406,ER_P1,2021-05-20,TPT_candidates,4366,TPT Candidates
CCS,Cidade De Maputo,Kamavota,1º de Junho CS,wXnoTA2MDy9,1110406,ER_P1,2021-05-20,TPT_ineligible,238,TPT Ineligible
CCS,Cidade De Maputo,Kamavota,Albasine CS,KRQ61nuKa1b,1110411,ER_P1,2021-05-20,TX_CURR,6566,TX_CURR
CCS,Cidade De Maputo,Kamavota,Albasine CS,KRQ61nuKa1b,1110411,ER_P1,2021-05-20,TX_CURR_TPT_Com,1952,TPT Completed
CCS,Cidade De Maputo,Kamavota,Albasine CS,KRQ61nuKa1b,1110411,ER_P1,2021-05-20,TX_CURR_TB_tto,190,Recent Active TB TX
CCS,Cidade De Maputo,Kamavota,Albasine CS,KRQ61nuKa1b,1110411,ER_P1,2021-05-20,TX_CURR_TPT_Not_Comp_POS_Screen,5,Recent Pos TB Screen
CCS,Cidade De Maputo,Kamavota,Albasine CS,KRQ61nuKa1b,1110411,ER_P1,2021-05-20,TX_CURR_W_TPT_last7Mo,1182,Actively on TPT
CCS,Cidade De Maputo,Kamavota,Albasine CS,KRQ61nuKa1b,1110411,ER_P1,2021-05-20,TPT_candidates,3237,TPT Candidates
CCS,Cidade De Maputo,Kamavota,Albasine CS,KRQ61nuKa1b,1110411,ER_P1,2021-05-20,TPT_ineligible,195,TPT Ineligible
CCS,Cidade De Maputo,Kamavota,Hulene PSA,TyjDUvHkCAx,1110414,ER_P2,2021-05-20,TX_CURR,2302,TX_CURR
CCS,Cidade De Maputo,Kamavota,Hulene PSA,TyjDUvHkCAx,1110414,ER_P2,2021-05-20,TX_CURR_TPT_Com,1538,TPT Completed
CCS,Cidade De Maputo,Kamavota,Hulene PSA,TyjDUvHkCAx,1110414,ER_P2,2021-05-20,TX_CURR_TB_tto,81,Recent Active TB TX
CCS,Cidade De Maputo,Kamavota,Hulene PSA,TyjDUvHkCAx,1110414,ER_P2,2021-05-20,TX_CURR_TPT_Not_Comp_POS_Screen,2,Recent Pos TB Screen
CCS,Cidade De Maputo,Kamavota,Hulene PSA,TyjDUvHkCAx,1110414,ER_P2,2021-05-20,TX_CURR_W_TPT_last7Mo,249,Actively on TPT
CCS,Cidade De Maputo,Kamavota,Hulene PSA,TyjDUvHkCAx,1110414,ER_P2,2021-05-20,TPT_candidates,432,TPT Candidates
CCS,Cidade De Maputo,Kamavota,Hulene PSA,TyjDUvHkCAx,1110414,ER_P2,2021-05-20,TPT_ineligible,83,TPT Ineligible
CCS,Cidade De Maputo,Kamavota,Mavalane CS,doRK8OhG0kd,1110422,ER_P1,2021-05-20,TX_CURR,8246,TX_CURR
CCS,Cidade De Maputo,Kamavota,Mavalane CS,doRK8OhG0kd,1110422,ER_P1,2021-05-20,TX_CURR_TPT_Com,3113,TPT Completed
CCS,Cidade De Maputo,Kamavota,Mavalane CS,doRK8OhG0kd,1110422,ER_P1,2021-05-20,TX_CURR_TB_tto,260,Recent Active TB TX
CCS,Cidade De Maputo,Kamavota,Mavalane CS,doRK8OhG0kd,1110422,ER_P1,2021-05-20,TX_CURR_TPT_Not_Comp_POS_Screen,4,Recent Pos TB Screen
CCS,Cidade De Maputo,Kamavota,Mavalane CS,doRK8OhG0kd,1110422,ER_P1,2021-05-20,TX_CURR_W_TPT_last7Mo,1503,Actively on TPT
CCS,Cidade De Maputo,Kamavota,Mavalane CS,doRK8OhG0kd,1110422,ER_P1,2021-05-20,TPT_candidates,3366,TPT Candidates
CCS,Cidade De Maputo,Kamavota,Mavalane CS,doRK8OhG0kd,1110422,ER_P1,2021-05-20,TPT_ineligible,264,TPT Ineligible
CCS,Cidade De Maputo,Kamavota,Mavalane HG,nfWs6WgmRC2,1110401,ER_P2,2021-05-20,TX_CURR,3439,TX_CURR
CCS,Cidade De Maputo,Kamavota,Mavalane HG,nfWs6WgmRC2,1110401,ER_P2,2021-05-20,TX_CURR_TPT_Com,1585,TPT Completed
CCS,Cidade De Maputo,Kamavota,Mavalane HG,nfWs6WgmRC2,1110401,ER_P2,2021-05-20,TX_CURR_TB_tto,14,Recent Active TB TX
CCS,Cidade De Maputo,Kamavota,Mavalane HG,nfWs6WgmRC2,1110401,ER_P2,2021-05-20,TX_CURR_TPT_Not_Comp_POS_Screen,2,Recent Pos TB Screen
CCS,Cidade De Maputo,Kamavota,Mavalane HG,nfWs6WgmRC2,1110401,ER_P2,2021-05-20,TX_CURR_W_TPT_last7Mo,236,Actively on TPT
CCS,Cidade De Maputo,Kamavota,Mavalane HG,nfWs6WgmRC2,1110401,ER_P2,2021-05-20,TPT_candidates,1602,TPT Candidates
CCS,Cidade De Maputo,Kamavota,Mavalane HG,nfWs6WgmRC2,1110401,ER_P2,2021-05-20,TPT_ineligible,16,TPT Ineligible
CCS,Cidade De Maputo,Kamavota,Pescadores PS,UKSoohp2vBC,1110415,ER_P2,2021-05-20,TX_CURR,2336,TX_CURR
CCS,Cidade De Maputo,Kamavota,Pescadores PS,UKSoohp2vBC,1110415,ER_P2,2021-05-20,TX_CURR_TPT_Com,864,TPT Completed
CCS,Cidade De Maputo,Kamavota,Pescadores PS,UKSoohp2vBC,1110415,ER_P2,2021-05-20,TX_CURR_TB_tto,89,Recent Active TB TX
CCS,Cidade De Maputo,Kamavota,Pescadores PS,UKSoohp2vBC,1110415,ER_P2,2021-05-20,TX_CURR_TPT_Not_Comp_POS_Screen,0,Recent Pos TB Screen
CCS,Cidade De Maputo,Kamavota,Pescadores PS,UKSoohp2vBC,1110415,ER_P2,2021-05-20,TX_CURR_W_TPT_last7Mo,355,Actively on TPT
CCS,Cidade De Maputo,Kamavota,Pescadores PS,UKSoohp2vBC,1110415,ER_P2,2021-05-20,TPT_candidates,1028,TPT Candidates
CCS,Cidade De Maputo,Kamavota,Pescadores PS,UKSoohp2vBC,1110415,ER_P2,2021-05-20,TPT_ineligible,89,TPT Ineligible
CCS,Cidade De Maputo,Kamavota,Romão PSA,DHdEugYqcEI,1110412,ER_P2,2021-05-20,TX_CURR,2053,TX_CURR
CCS,Cidade De Maputo,Kamavota,Romão PSA,DHdEugYqcEI,1110412,ER_P2,2021-05-20,TX_CURR_TPT_Com,1050,TPT Completed
CCS,Cidade De Maputo,Kamavota,Romão PSA,DHdEugYqcEI,1110412,ER_P2,2021-05-20,TX_CURR_TB_tto,77,Recent Active TB TX
CCS,Cidade De Maputo,Kamavota,Romão PSA,DHdEugYqcEI,1110412,ER_P2,2021-05-20,TX_CURR_TPT_Not_Comp_POS_Screen,2,Recent Pos TB Screen
CCS,Cidade De Maputo,Kamavota,Romão PSA,DHdEugYqcEI,1110412,ER_P2,2021-05-20,TX_CURR_W_TPT_last7Mo,325,Actively on TPT
CCS,Cidade De Maputo,Kamavota,Romão PSA,DHdEugYqcEI,1110412,ER_P2,2021-05-20,TPT_candidates,599,TPT Candidates
CCS,Cidade De Maputo,Kamavota,Romão PSA,DHdEugYqcEI,1110412,ER_P2,2021-05-20,TPT_ineligible,79,TPT Ineligible
CCS,Cidade De Maputo,Kamaxakeni,1º de Maio PS,oDTFc2FqImi,1110307,ER_P1,2021-05-20,TX_CURR,10221,TX_CURR
CCS,Cidade De Maputo,Kamaxakeni,1º de Maio PS,oDTFc2FqImi,1110307,ER_P1,2021-05-20,TX_CURR_TPT_Com,3352,TPT Completed
CCS,Cidade De Maputo,Kamaxakeni,1º de Maio PS,oDTFc2FqImi,1110307,ER_P1,2021-05-20,TX_CURR_TB_tto,366,Recent Active TB TX
CCS,Cidade De Maputo,Kamaxakeni,1º de Maio PS,oDTFc2FqImi,1110307,ER_P1,2021-05-20,TX_CURR_TPT_Not_Comp_POS_Screen,23,Recent Pos TB Screen
CCS,Cidade De Maputo,Kamaxakeni,1º de Maio PS,oDTFc2FqImi,1110307,ER_P1,2021-05-20,TX_CURR_W_TPT_last7Mo,1596,Actively on TPT
CCS,Cidade De Maputo,Kamaxakeni,1º de Maio PS,oDTFc2FqImi,1110307,ER_P1,2021-05-20,TPT_candidates,4884,TPT Candidates
CCS,Cidade De Maputo,Kamaxakeni,1º de Maio PS,oDTFc2FqImi,1110307,ER_P1,2021-05-20,TPT_ineligible,389,TPT Ineligible
CCS,Cidade De Maputo,Kamaxakeni,Polana Caniço CS II,i5GWQwiObW1,1110317,ER_P1,2021-05-20,TX_CURR,8713,TX_CURR
CCS,Cidade De Maputo,Kamaxakeni,Polana Caniço CS II,i5GWQwiObW1,1110317,ER_P1,2021-05-20,TX_CURR_TPT_Com,3935,TPT Completed
CCS,Cidade De Maputo,Kamaxakeni,Polana Caniço CS II,i5GWQwiObW1,1110317,ER_P1,2021-05-20,TX_CURR_TB_tto,269,Recent Active TB TX
CCS,Cidade De Maputo,Kamaxakeni,Polana Caniço CS II,i5GWQwiObW1,1110317,ER_P1,2021-05-20,TX_CURR_TPT_Not_Comp_POS_Screen,4,Recent Pos TB Screen
CCS,Cidade De Maputo,Kamaxakeni,Polana Caniço CS II,i5GWQwiObW1,1110317,ER_P1,2021-05-20,TX_CURR_W_TPT_last7Mo,985,Actively on TPT
CCS,Cidade De Maputo,Kamaxakeni,Polana Caniço CS II,i5GWQwiObW1,1110317,ER_P1,2021-05-20,TPT_candidates,3520,TPT Candidates
CCS,Cidade De Maputo,Kamaxakeni,Polana Caniço CS II,i5GWQwiObW1,1110317,ER_P1,2021-05-20,TPT_ineligible,273,TPT Ineligible
CCS,Cidade De Maputo,Kampfumu,Alto-Maé CSURB,jKg6rpNATKH,1110106,ER_P1,2021-05-20,TX_CURR,13251,TX_CURR
CCS,Cidade De Maputo,Kampfumu,Alto-Maé CSURB,jKg6rpNATKH,1110106,ER_P1,2021-05-20,TX_CURR_TPT_Com,6179,TPT Completed
CCS,Cidade De Maputo,Kampfumu,Alto-Maé CSURB,jKg6rpNATKH,1110106,ER_P1,2021-05-20,TX_CURR_TB_tto,223,Recent Active TB TX
CCS,Cidade De Maputo,Kampfumu,Alto-Maé CSURB,jKg6rpNATKH,1110106,ER_P1,2021-05-20,TX_CURR_TPT_Not_Comp_POS_Screen,12,Recent Pos TB Screen
CCS,Cidade De Maputo,Kampfumu,Alto-Maé CSURB,jKg6rpNATKH,1110106,ER_P1,2021-05-20,TX_CURR_W_TPT_last7Mo,776,Actively on TPT
CCS,Cidade De Maputo,Kampfumu,Alto-Maé CSURB,jKg6rpNATKH,1110106,ER_P1,2021-05-20,TPT_candidates,6061,TPT Candidates
CCS,Cidade De Maputo,Kampfumu,Alto-Maé CSURB,jKg6rpNATKH,1110106,ER_P1,2021-05-20,TPT_ineligible,235,TPT Ineligible
CCS,Cidade De Maputo,Kampfumu,Hospital Central Pediatrico de Maputo HC,MFT0CnzHbgk,1110101,ER_P2,2021-05-20,TX_CURR,448,TX_CURR
CCS,Cidade De Maputo,Kampfumu,Hospital Central Pediatrico de Maputo HC,MFT0CnzHbgk,1110101,ER_P2,2021-05-20,TX_CURR_TPT_Com,3,TPT Completed
CCS,Cidade De Maputo,Kampfumu,Hospital Central Pediatrico de Maputo HC,MFT0CnzHbgk,1110101,ER_P2,2021-05-20,TX_CURR_TB_tto,6,Recent Active TB TX
CCS,Cidade De Maputo,Kampfumu,Hospital Central Pediatrico de Maputo HC,MFT0CnzHbgk,1110101,ER_P2,2021-05-20,TX_CURR_TPT_Not_Comp_POS_Screen,5,Recent Pos TB Screen
CCS,Cidade De Maputo,Kampfumu,Hospital Central Pediatrico de Maputo HC,MFT0CnzHbgk,1110101,ER_P2,2021-05-20,TX_CURR_W_TPT_last7Mo,5,Actively on TPT
CCS,Cidade De Maputo,Kampfumu,Hospital Central Pediatrico de Maputo HC,MFT0CnzHbgk,1110101,ER_P2,2021-05-20,TPT_candidates,429,TPT Candidates
CCS,Cidade De Maputo,Kampfumu,Hospital Central Pediatrico de Maputo HC,MFT0CnzHbgk,1110101,ER_P2,2021-05-20,TPT_ineligible,11,TPT Ineligible
CCS,Cidade De Maputo,Kampfumu,Malhangalene CS,kEhPOqEXXk0,1110109,ER_P1,2021-05-20,TX_CURR,5566,TX_CURR
CCS,Cidade De Maputo,Kampfumu,Malhangalene CS,kEhPOqEXXk0,1110109,ER_P1,2021-05-20,TX_CURR_TPT_Com,2937,TPT Completed
CCS,Cidade De Maputo,Kampfumu,Malhangalene CS,kEhPOqEXXk0,1110109,ER_P1,2021-05-20,TX_CURR_TB_tto,95,Recent Active TB TX
CCS,Cidade De Maputo,Kampfumu,Malhangalene CS,kEhPOqEXXk0,1110109,ER_P1,2021-05-20,TX_CURR_TPT_Not_Comp_POS_Screen,2,Recent Pos TB Screen
CCS,Cidade De Maputo,Kampfumu,Malhangalene CS,kEhPOqEXXk0,1110109,ER_P1,2021-05-20,TX_CURR_W_TPT_last7Mo,378,Actively on TPT
CCS,Cidade De Maputo,Kampfumu,Malhangalene CS,kEhPOqEXXk0,1110109,ER_P1,2021-05-20,TPT_candidates,2154,TPT Candidates
CCS,Cidade De Maputo,Kampfumu,Malhangalene CS,kEhPOqEXXk0,1110109,ER_P1,2021-05-20,TPT_ineligible,97,TPT Ineligible
CCS,Cidade De Maputo,Kampfumu,Maxaquene CS,gqNh2d7WJva,1110107,ER_P1,2021-05-20,TX_CURR,4073,TX_CURR
CCS,Cidade De Maputo,Kampfumu,Maxaquene CS,gqNh2d7WJva,1110107,ER_P1,2021-05-20,TX_CURR_TPT_Com,1648,TPT Completed
CCS,Cidade De Maputo,Kampfumu,Maxaquene CS,gqNh2d7WJva,1110107,ER_P1,2021-05-20,TX_CURR_TB_tto,51,Recent Active TB TX
CCS,Cidade De Maputo,Kampfumu,Maxaquene CS,gqNh2d7WJva,1110107,ER_P1,2021-05-20,TX_CURR_TPT_Not_Comp_POS_Screen,5,Recent Pos TB Screen
CCS,Cidade De Maputo,Kampfumu,Maxaquene CS,gqNh2d7WJva,1110107,ER_P1,2021-05-20,TX_CURR_W_TPT_last7Mo,408,Actively on TPT
CCS,Cidade De Maputo,Kampfumu,Maxaquene CS,gqNh2d7WJva,1110107,ER_P1,2021-05-20,TPT_candidates,1961,TPT Candidates
CCS,Cidade De Maputo,Kampfumu,Maxaquene CS,gqNh2d7WJva,1110107,ER_P1,2021-05-20,TPT_ineligible,56,TPT Ineligible
CCS,Cidade De Maputo,Kampfumu,Polana Cimento CS,TSQWaAvOer5,1110110,ER_P1,2021-05-20,TX_CURR,3490,TX_CURR
CCS,Cidade De Maputo,Kampfumu,Polana Cimento CS,TSQWaAvOer5,1110110,ER_P1,2021-05-20,TX_CURR_TPT_Com,1283,TPT Completed
CCS,Cidade De Maputo,Kampfumu,Polana Cimento CS,TSQWaAvOer5,1110110,ER_P1,2021-05-20,TX_CURR_TB_tto,47,Recent Active TB TX
CCS,Cidade De Maputo,Kampfumu,Polana Cimento CS,TSQWaAvOer5,1110110,ER_P1,2021-05-20,TX_CURR_TPT_Not_Comp_POS_Screen,1,Recent Pos TB Screen
CCS,Cidade De Maputo,Kampfumu,Polana Cimento CS,TSQWaAvOer5,1110110,ER_P1,2021-05-20,TX_CURR_W_TPT_last7Mo,306,Actively on TPT
CCS,Cidade De Maputo,Kampfumu,Polana Cimento CS,TSQWaAvOer5,1110110,ER_P1,2021-05-20,TPT_candidates,1853,TPT Candidates
CCS,Cidade De Maputo,Kampfumu,Polana Cimento CS,TSQWaAvOer5,1110110,ER_P1,2021-05-20,TPT_ineligible,48,TPT Ineligible
CCS,Cidade De Maputo,Kampfumu,Porto CSURB,HlElMRh1t6W,1110111,ER_P1,2021-05-20,TX_CURR,5926,TX_CURR
CCS,Cidade De Maputo,Kampfumu,Porto CSURB,HlElMRh1t6W,1110111,ER_P1,2021-05-20,TX_CURR_TPT_Com,2529,TPT Completed
CCS,Cidade De Maputo,Kampfumu,Porto CSURB,HlElMRh1t6W,1110111,ER_P1,2021-05-20,TX_CURR_TB_tto,92,Recent Active TB TX
CCS,Cidade De Maputo,Kampfumu,Porto CSURB,HlElMRh1t6W,1110111,ER_P1,2021-05-20,TX_CURR_TPT_Not_Comp_POS_Screen,10,Recent Pos TB Screen
CCS,Cidade De Maputo,Kampfumu,Porto CSURB,HlElMRh1t6W,1110111,ER_P1,2021-05-20,TX_CURR_W_TPT_last7Mo,336,Actively on TPT
CCS,Cidade De Maputo,Kampfumu,Porto CSURB,HlElMRh1t6W,1110111,ER_P1,2021-05-20,TPT_candidates,2959,TPT Candidates
CCS,Cidade De Maputo,Kampfumu,Porto CSURB,HlElMRh1t6W,1110111,ER_P1,2021-05-20,TPT_ineligible,102,TPT Ineligible
CCS,Cidade De Maputo,Kamubukwana,Bagamoio CS III,atmjKVCRnzw,1110507,ER_P1,2021-05-20,TX_CURR,7197,TX_CURR
CCS,Cidade De Maputo,Kamubukwana,Bagamoio CS III,atmjKVCRnzw,1110507,ER_P1,2021-05-20,TX_CURR_TPT_Com,3700,TPT Completed
CCS,Cidade De Maputo,Kamubukwana,Bagamoio CS III,atmjKVCRnzw,1110507,ER_P1,2021-05-20,TX_CURR_TB_tto,208,Recent Active TB TX
CCS,Cidade De Maputo,Kamubukwana,Bagamoio CS III,atmjKVCRnzw,1110507,ER_P1,2021-05-20,TX_CURR_TPT_Not_Comp_POS_Screen,5,Recent Pos TB Screen
CCS,Cidade De Maputo,Kamubukwana,Bagamoio CS III,atmjKVCRnzw,1110507,ER_P1,2021-05-20,TX_CURR_W_TPT_last7Mo,383,Actively on TPT
CCS,Cidade De Maputo,Kamubukwana,Bagamoio CS III,atmjKVCRnzw,1110507,ER_P1,2021-05-20,TPT_candidates,2901,TPT Candidates
CCS,Cidade De Maputo,Kamubukwana,Bagamoio CS III,atmjKVCRnzw,1110507,ER_P1,2021-05-20,TPT_ineligible,213,TPT Ineligible
CCS,Cidade De Maputo,Kamubukwana,Hospital Psiquiatrico do Infulene HP,uormVxMEerw,1110508,ER_P2,2021-05-20,TX_CURR,718,TX_CURR
CCS,Cidade De Maputo,Kamubukwana,Hospital Psiquiatrico do Infulene HP,uormVxMEerw,1110508,ER_P2,2021-05-20,TX_CURR_TPT_Com,518,TPT Completed
CCS,Cidade De Maputo,Kamubukwana,Hospital Psiquiatrico do Infulene HP,uormVxMEerw,1110508,ER_P2,2021-05-20,TX_CURR_TB_tto,4,Recent Active TB TX
CCS,Cidade De Maputo,Kamubukwana,Hospital Psiquiatrico do Infulene HP,uormVxMEerw,1110508,ER_P2,2021-05-20,TX_CURR_TPT_Not_Comp_POS_Screen,2,Recent Pos TB Screen
CCS,Cidade De Maputo,Kamubukwana,Hospital Psiquiatrico do Infulene HP,uormVxMEerw,1110508,ER_P2,2021-05-20,TX_CURR_W_TPT_last7Mo,61,Actively on TPT
CCS,Cidade De Maputo,Kamubukwana,Hospital Psiquiatrico do Infulene HP,uormVxMEerw,1110508,ER_P2,2021-05-20,TPT_candidates,133,TPT Candidates
CCS,Cidade De Maputo,Kamubukwana,Hospital Psiquiatrico do Infulene HP,uormVxMEerw,1110508,ER_P2,2021-05-20,TPT_ineligible,6,TPT Ineligible
CCS,Cidade De Maputo,Kamubukwana,Inhagoia PS,NSZxDwLVCeC,1110512,ER_P2,2021-05-20,TX_CURR,1052,TX_CURR
CCS,Cidade De Maputo,Kamubukwana,Inhagoia PS,NSZxDwLVCeC,1110512,ER_P2,2021-05-20,TX_CURR_TPT_Com,662,TPT Completed
CCS,Cidade De Maputo,Kamubukwana,Inhagoia PS,NSZxDwLVCeC,1110512,ER_P2,2021-05-20,TX_CURR_TB_tto,47,Recent Active TB TX
CCS,Cidade De Maputo,Kamubukwana,Inhagoia PS,NSZxDwLVCeC,1110512,ER_P2,2021-05-20,TX_CURR_TPT_Not_Comp_POS_Screen,1,Recent Pos TB Screen
CCS,Cidade De Maputo,Kamubukwana,Inhagoia PS,NSZxDwLVCeC,1110512,ER_P2,2021-05-20,TX_CURR_W_TPT_last7Mo,123,Actively on TPT
CCS,Cidade De Maputo,Kamubukwana,Inhagoia PS,NSZxDwLVCeC,1110512,ER_P2,2021-05-20,TPT_candidates,219,TPT Candidates
CCS,Cidade De Maputo,Kamubukwana,Inhagoia PS,NSZxDwLVCeC,1110512,ER_P2,2021-05-20,TPT_ineligible,48,TPT Ineligible
CCS,Cidade De Maputo,Kamubukwana,Magoanine PS,dnRXJOdEzdw,1110514,ER_P2,2021-05-20,TX_CURR,2231,TX_CURR
CCS,Cidade De Maputo,Kamubukwana,Magoanine PS,dnRXJOdEzdw,1110514,ER_P2,2021-05-20,TX_CURR_TPT_Com,1055,TPT Completed
CCS,Cidade De Maputo,Kamubukwana,Magoanine PS,dnRXJOdEzdw,1110514,ER_P2,2021-05-20,TX_CURR_TB_tto,98,Recent Active TB TX
CCS,Cidade De Maputo,Kamubukwana,Magoanine PS,dnRXJOdEzdw,1110514,ER_P2,2021-05-20,TX_CURR_TPT_Not_Comp_POS_Screen,7,Recent Pos TB Screen
CCS,Cidade De Maputo,Kamubukwana,Magoanine PS,dnRXJOdEzdw,1110514,ER_P2,2021-05-20,TX_CURR_W_TPT_last7Mo,214,Actively on TPT
CCS,Cidade De Maputo,Kamubukwana,Magoanine PS,dnRXJOdEzdw,1110514,ER_P2,2021-05-20,TPT_candidates,857,TPT Candidates
CCS,Cidade De Maputo,Kamubukwana,Magoanine PS,dnRXJOdEzdw,1110514,ER_P2,2021-05-20,TPT_ineligible,105,TPT Ineligible
CCS,Cidade De Maputo,Kamubukwana,Magoanine Tenda CS,nhsj9HCnhEs,1110511,ER_P1,2021-05-20,TX_CURR,2773,TX_CURR
CCS,Cidade De Maputo,Kamubukwana,Magoanine Tenda CS,nhsj9HCnhEs,1110511,ER_P1,2021-05-20,TX_CURR_TPT_Com,1105,TPT Completed
CCS,Cidade De Maputo,Kamubukwana,Magoanine Tenda CS,nhsj9HCnhEs,1110511,ER_P1,2021-05-20,TX_CURR_TB_tto,111,Recent Active TB TX
CCS,Cidade De Maputo,Kamubukwana,Magoanine Tenda CS,nhsj9HCnhEs,1110511,ER_P1,2021-05-20,TX_CURR_TPT_Not_Comp_POS_Screen,4,Recent Pos TB Screen
CCS,Cidade De Maputo,Kamubukwana,Magoanine Tenda CS,nhsj9HCnhEs,1110511,ER_P1,2021-05-20,TX_CURR_W_TPT_last7Mo,172,Actively on TPT
CCS,Cidade De Maputo,Kamubukwana,Magoanine Tenda CS,nhsj9HCnhEs,1110511,ER_P1,2021-05-20,TPT_candidates,1381,TPT Candidates
CCS,Cidade De Maputo,Kamubukwana,Magoanine Tenda CS,nhsj9HCnhEs,1110511,ER_P1,2021-05-20,TPT_ineligible,115,TPT Ineligible
CCS,Cidade De Maputo,Kamubukwana,Zimpeto CS,H3mOm6sbODE,1110515,ER_P1,2021-05-20,TX_CURR,8050,TX_CURR
CCS,Cidade De Maputo,Kamubukwana,Zimpeto CS,H3mOm6sbODE,1110515,ER_P1,2021-05-20,TX_CURR_TPT_Com,2948,TPT Completed
CCS,Cidade De Maputo,Kamubukwana,Zimpeto CS,H3mOm6sbODE,1110515,ER_P1,2021-05-20,TX_CURR_TB_tto,201,Recent Active TB TX
CCS,Cidade De Maputo,Kamubukwana,Zimpeto CS,H3mOm6sbODE,1110515,ER_P1,2021-05-20,TX_CURR_TPT_Not_Comp_POS_Screen,11,Recent Pos TB Screen
CCS,Cidade De Maputo,Kamubukwana,Zimpeto CS,H3mOm6sbODE,1110515,ER_P1,2021-05-20,TX_CURR_W_TPT_last7Mo,597,Actively on TPT
CCS,Cidade De Maputo,Kamubukwana,Zimpeto CS,H3mOm6sbODE,1110515,ER_P1,2021-05-20,TPT_candidates,4293,TPT Candidates
CCS,Cidade De Maputo,Kamubukwana,Zimpeto CS,H3mOm6sbODE,1110515,ER_P1,2021-05-20,TPT_ineligible,212,TPT Ineligible
CCS,Cidade De Maputo,Kanyaka,Inhaca PS,JVk9m9vVA1D,1110708,ER_P3,2021-05-20,TX_CURR,438,TX_CURR
CCS,Cidade De Maputo,Kanyaka,Inhaca PS,JVk9m9vVA1D,1110708,ER_P3,2021-05-20,TX_CURR_TPT_Com,333,TPT Completed
CCS,Cidade De Maputo,Kanyaka,Inhaca PS,JVk9m9vVA1D,1110708,ER_P3,2021-05-20,TX_CURR_TB_tto,6,Recent Active TB TX
CCS,Cidade De Maputo,Kanyaka,Inhaca PS,JVk9m9vVA1D,1110708,ER_P3,2021-05-20,TX_CURR_TPT_Not_Comp_POS_Screen,0,Recent Pos TB Screen
CCS,Cidade De Maputo,Kanyaka,Inhaca PS,JVk9m9vVA1D,1110708,ER_P3,2021-05-20,TX_CURR_W_TPT_last7Mo,53,Actively on TPT
CCS,Cidade De Maputo,Kanyaka,Inhaca PS,JVk9m9vVA1D,1110708,ER_P3,2021-05-20,TPT_candidates,46,TPT Candidates
CCS,Cidade De Maputo,Kanyaka,Inhaca PS,JVk9m9vVA1D,1110708,ER_P3,2021-05-20,TPT_ineligible,6,TPT Ineligible
CCS,Cidade De Maputo,Katembe,Catembe CS II,xmJNiAbmSfe,1110609,ER_P2,2021-05-20,TX_CURR,2037,TX_CURR
CCS,Cidade De Maputo,Katembe,Catembe CS II,xmJNiAbmSfe,1110609,ER_P2,2021-05-20,TX_CURR_TPT_Com,773,TPT Completed
CCS,Cidade De Maputo,Katembe,Catembe CS II,xmJNiAbmSfe,1110609,ER_P2,2021-05-20,TX_CURR_TB_tto,61,Recent Active TB TX
CCS,Cidade De Maputo,Katembe,Catembe CS II,xmJNiAbmSfe,1110609,ER_P2,2021-05-20,TX_CURR_TPT_Not_Comp_POS_Screen,7,Recent Pos TB Screen
CCS,Cidade De Maputo,Katembe,Catembe CS II,xmJNiAbmSfe,1110609,ER_P2,2021-05-20,TX_CURR_W_TPT_last7Mo,507,Actively on TPT
CCS,Cidade De Maputo,Katembe,Catembe CS II,xmJNiAbmSfe,1110609,ER_P2,2021-05-20,TPT_candidates,689,TPT Candidates
CCS,Cidade De Maputo,Katembe,Catembe CS II,xmJNiAbmSfe,1110609,ER_P2,2021-05-20,TPT_ineligible,68,TPT Ineligible
CCS,Cidade De Maputo,Katembe,Incassane PSA,IBhZ0h4Ap4D,1110613,ER_P3,2021-05-20,TX_CURR,550,TX_CURR
CCS,Cidade De Maputo,Katembe,Incassane PSA,IBhZ0h4Ap4D,1110613,ER_P3,2021-05-20,TX_CURR_TPT_Com,310,TPT Completed
CCS,Cidade De Maputo,Katembe,Incassane PSA,IBhZ0h4Ap4D,1110613,ER_P3,2021-05-20,TX_CURR_TB_tto,23,Recent Active TB TX
CCS,Cidade De Maputo,Katembe,Incassane PSA,IBhZ0h4Ap4D,1110613,ER_P3,2021-05-20,TX_CURR_TPT_Not_Comp_POS_Screen,2,Recent Pos TB Screen
CCS,Cidade De Maputo,Katembe,Incassane PSA,IBhZ0h4Ap4D,1110613,ER_P3,2021-05-20,TX_CURR_W_TPT_last7Mo,63,Actively on TPT
CCS,Cidade De Maputo,Katembe,Incassane PSA,IBhZ0h4Ap4D,1110613,ER_P3,2021-05-20,TPT_candidates,152,TPT Candidates
CCS,Cidade De Maputo,Katembe,Incassane PSA,IBhZ0h4Ap4D,1110613,ER_P3,2021-05-20,TPT_ineligible,25,TPT Ineligible
CCS,Cidade De Maputo,Nlhamankulu,Centro de Saude do Chamanculo,ZJ6MAab9PJE,1110201,ER_P1,2021-05-20,TX_CURR,11758,TX_CURR
CCS,Cidade De Maputo,Nlhamankulu,Centro de Saude do Chamanculo,ZJ6MAab9PJE,1110201,ER_P1,2021-05-20,TX_CURR_TPT_Com,6801,TPT Completed
CCS,Cidade De Maputo,Nlhamankulu,Centro de Saude do Chamanculo,ZJ6MAab9PJE,1110201,ER_P1,2021-05-20,TX_CURR_TB_tto,224,Recent Active TB TX
CCS,Cidade De Maputo,Nlhamankulu,Centro de Saude do Chamanculo,ZJ6MAab9PJE,1110201,ER_P1,2021-05-20,TX_CURR_TPT_Not_Comp_POS_Screen,9,Recent Pos TB Screen
CCS,Cidade De Maputo,Nlhamankulu,Centro de Saude do Chamanculo,ZJ6MAab9PJE,1110201,ER_P1,2021-05-20,TX_CURR_W_TPT_last7Mo,1357,Actively on TPT
CCS,Cidade De Maputo,Nlhamankulu,Centro de Saude do Chamanculo,ZJ6MAab9PJE,1110201,ER_P1,2021-05-20,TPT_candidates,3367,TPT Candidates
CCS,Cidade De Maputo,Nlhamankulu,Centro de Saude do Chamanculo,ZJ6MAab9PJE,1110201,ER_P1,2021-05-20,TPT_ineligible,233,TPT Ineligible
CCS,Cidade De Maputo,Nlhamankulu,Jose Macamo CS,D9nOWZAX3yT,1110206,ER_P1,2021-05-20,TX_CURR,8525,TX_CURR
CCS,Cidade De Maputo,Nlhamankulu,Jose Macamo CS,D9nOWZAX3yT,1110206,ER_P1,2021-05-20,TX_CURR_TPT_Com,3309,TPT Completed
CCS,Cidade De Maputo,Nlhamankulu,Jose Macamo CS,D9nOWZAX3yT,1110206,ER_P1,2021-05-20,TX_CURR_TB_tto,218,Recent Active TB TX
CCS,Cidade De Maputo,Nlhamankulu,Jose Macamo CS,D9nOWZAX3yT,1110206,ER_P1,2021-05-20,TX_CURR_TPT_Not_Comp_POS_Screen,22,Recent Pos TB Screen
CCS,Cidade De Maputo,Nlhamankulu,Jose Macamo CS,D9nOWZAX3yT,1110206,ER_P1,2021-05-20,TX_CURR_W_TPT_last7Mo,1337,Actively on TPT
CCS,Cidade De Maputo,Nlhamankulu,Jose Macamo CS,D9nOWZAX3yT,1110206,ER_P1,2021-05-20,TPT_candidates,3639,TPT Candidates
CCS,Cidade De Maputo,Nlhamankulu,Jose Macamo CS,D9nOWZAX3yT,1110206,ER_P1,2021-05-20,TPT_ineligible,240,TPT Ineligible
CCS,Cidade De Maputo,Nlhamankulu,José Macamo HG,HmIC1eI4aEQ,1110202,ER_P2,2021-05-20,TX_CURR,608,TX_CURR
CCS,Cidade De Maputo,Nlhamankulu,José Macamo HG,HmIC1eI4aEQ,1110202,ER_P2,2021-05-20,TX_CURR_TPT_Com,424,TPT Completed
CCS,Cidade De Maputo,Nlhamankulu,José Macamo HG,HmIC1eI4aEQ,1110202,ER_P2,2021-05-20,TX_CURR_TB_tto,5,Recent Active TB TX
CCS,Cidade De Maputo,Nlhamankulu,José Macamo HG,HmIC1eI4aEQ,1110202,ER_P2,2021-05-20,TX_CURR_TPT_Not_Comp_POS_Screen,4,Recent Pos TB Screen
CCS,Cidade De Maputo,Nlhamankulu,José Macamo HG,HmIC1eI4aEQ,1110202,ER_P2,2021-05-20,TX_CURR_W_TPT_last7Mo,34,Actively on TPT
CCS,Cidade De Maputo,Nlhamankulu,José Macamo HG,HmIC1eI4aEQ,1110202,ER_P2,2021-05-20,TPT_candidates,141,TPT Candidates
CCS,Cidade De Maputo,Nlhamankulu,José Macamo HG,HmIC1eI4aEQ,1110202,ER_P2,2021-05-20,TPT_ineligible,9,TPT Ineligible
CCS,Cidade De Maputo,Nlhamankulu,Xipamanine CSURB,YqR6LoSk2Ed,1110212,ER_P1,2021-05-20,TX_CURR,9414,TX_CURR
CCS,Cidade De Maputo,Nlhamankulu,Xipamanine CSURB,YqR6LoSk2Ed,1110212,ER_P1,2021-05-20,TX_CURR_TPT_Com,2683,TPT Completed
CCS,Cidade De Maputo,Nlhamankulu,Xipamanine CSURB,YqR6LoSk2Ed,1110212,ER_P1,2021-05-20,TX_CURR_TB_tto,264,Recent Active TB TX
CCS,Cidade De Maputo,Nlhamankulu,Xipamanine CSURB,YqR6LoSk2Ed,1110212,ER_P1,2021-05-20,TX_CURR_TPT_Not_Comp_POS_Screen,11,Recent Pos TB Screen
CCS,Cidade De Maputo,Nlhamankulu,Xipamanine CSURB,YqR6LoSk2Ed,1110212,ER_P1,2021-05-20,TX_CURR_W_TPT_last7Mo,923,Actively on TPT
CCS,Cidade De Maputo,Nlhamankulu,Xipamanine CSURB,YqR6LoSk2Ed,1110212,ER_P1,2021-05-20,TPT_candidates,5533,TPT Candidates
CCS,Cidade De Maputo,Nlhamankulu,Xipamanine CSURB,YqR6LoSk2Ed,1110212,ER_P1,2021-05-20,TPT_ineligible,275,TPT Ineligible
